pdb_id,chain,COUNT(*)
1a2p,B,73
1a2z,C,130
1a34,A,109
1a3a,A,88
1a4i,B,194
1a7d,A,88
1a7s,A,135
1a7t,B,142
1a88,A,164
1a8q,A,193
1a8s,A,166
1aba,A,56
1afb,3,65
1ag9,B,82
1agy,A,105
1aho,A,43
1aii,A,188
1ajk,B,123
1ako,A,169
1aky,A,77
1amu,B,221
1atg,A,136
1atl,B,93
1atz,B,121
1aun,A,114
1avb,A,118
1awd,A,53
1ax0,A,119
1aye,A,205
1b0b,A,80
1b1c,A,96
1b2s,F,59
1b37,B,269
1b3a,B,41
1b4f,B,36
1b5e,A,131
1b63,A,111
1b67,A,25
1b6a,A,231
1b80,A,245
1b8a,B,287
1b8d,K,86
1b8d,L,97
1b8z,A,28
1b9j,A,320
1bdo,A,53
1beh,A,119
1bg0,A,214
1bgf,A,79
1bgp,A,175
1bhp,A,21
1bj7,A,83
1bn8,A,276
1bq8,A,44
1bqk,A,74
1brt,A,187
1bsg,A,154
1bu8,A,259
1bue,A,167
1bx1,A,145
1bx7,A,28
1bxo,A,208
1bxu,A,56
1bxy,A,25
1byi,A,122
1bzs,A,96
1c02,A,88
1c0p,A,229
1c1k,A,122
1c3c,A,260
1c4q,B,51
1c75,A,33
1c7j,A,274
1c7k,A,94
1c7n,F,236
1c9s,A,38
1c9y,A,206
1cf3,A,357
1cg5,A,96
1cg5,B,90
1chd,A,116
1ci4,B,50
1cip,A,199
1cjc,A,242
1cpq,A,51
1cqm,B,61
1cru,B,304
1ctj,A,36
1cuo,A,81
1cxl,A,419
1cxy,A,40
1cyo,A,54
1cz9,A,76
1cza,N,382
1czf,A,201
1d0b,A,128
1d2n,A,112
1d2s,A,75
1d2t,A,115
1d3g,A,189
1d4o,A,114
1d4t,A,67
1d5l,B,82
1d5l,D,292
1d5t,A,280
1d7o,A,106
1dbf,A,79
1dbi,A,159
1dbw,B,60
1deu,A,157
1dgf,A,351
1di2,B,22
1djr,G,86
1dk8,A,85
1dl5,B,193
1doi,A,84
1dow,A,99
1dp7,P,50
1dpj,A,180
1dpt,A,78
1duv,H,134
1dw0,B,62
1dwk,A,100
1dxj,A,148
1dxy,A,176
1dys,B,211
1dzk,A,79
1e0c,A,153
1e0w,A,211
1e25,A,151
1e29,A,75
1e2v,A,134
1e3d,B,317
1e3d,C,151
1e4c,P,125
1e4m,M,345
1e59,A,168
1e5k,A,101
1e5m,A,221
1e6y,B,260
1e6y,C,159
1e6y,D,358
1e9g,A,197
1eaj,B,87
1eao,A,71
1ear,A,50
1eb6,A,112
1edg,A,236
1edq,A,325
1eej,B,94
1ef1,D,38
1eg2,A,141
1egw,B,40
1eis,A,42
1ejb,A,98
1ejd,B,207
1ekq,B,126
1elj,A,179
1elk,A,116
1elr,A,71
1elt,A,159
1elu,A,215
1elw,A,66
1eo6,B,49
1eq6,A,90
1es5,A,170
1esw,A,279
1eu3,A,157
1ex2,B,78
1exa,A,133
1exr,A,52
1ext,A,118
1eyb,A,250
1eyh,A,79
1eyl,A,80
1ez3,B,39
1f0k,B,146
1f0l,B,276
1f0y,B,167
1f1u,A,238
1f2f,A,63
1f3u,G,24
1f4p,A,69
1f5j,A,136
1f5v,A,141
1f60,A,287
1f60,B,62
1f7b,C,187
1f8e,A,289
1f94,A,44
1f9z,B,64
1fd3,A,22
1fec,B,236
1fg7,A,213
1fj0,A,69
1fm4,A,85
1fn9,A,271
1fny,A,133
1fo9,A,223
1fob,A,175
1fp2,A,231
1fpo,B,94
1fqt,B,60
1fsg,A,179
1ftr,A,166
1fu0,B,48
1fur,B,251
1fx4,A,104
1fxl,A,79
1fxo,G,170
1fy2,A,127
1fz1,B,238
1g12,A,106
1g16,A,58
1g1j,A,21
1g29,2,180
1g2r,A,54
1g3p,A,122
1g4i,A,66
1g60,A,147
1g61,A,155
1g6a,A,169
1g6c,B,118
1g6h,A,98
1g6u,B,24
1g7j,A,74
1g7m,B,56
1g87,A,376
1g8a,A,137
1g8i,B,80
1g8s,A,110
1g94,A,297
1g97,A,215
1g9g,A,395
1g9k,A,248
1g9o,A,58
1ga6,A,214
1gai,A,324
1gbg,A,124
1gc0,B,154
1gcq,C,41
1gd0,A,84
1gde,B,199
1gee,E,132
1geg,G,151
1ges,B,201
1gk6,A,29
1gk7,A,20
1gk8,G,302
1gk9,A,148
1gk9,B,334
1gkp,E,325
1gmu,C,62
1gmy,A,149
1gn0,A,51
1gnt,A,385
1gny,A,109
1go3,E,98
1go3,N,58
1goi,B,326
1gpe,A,285
1gpi,A,270
1gpp,A,135
1gpu,A,354
1gq1,A,381
1gq6,C,183
1gq8,A,208
1gql,B,487
1gqv,A,89
1gt1,A,46
1gte,D,529
1gtt,A,220
1gu2,A,86
1gu7,B,230
1gud,A,187
1gui,A,116
1gut,E,39
1gv5,A,29
1gvf,A,146
1gvj,A,76
1gvn,C,62
1gvn,D,156
1gwe,A,343
1gwi,B,191
1gwu,A,209
1gx1,A,70
1gx4,A,209
1gxn,A,227
1gxr,A,157
1gxu,A,52
1gxy,A,129
1gyh,C,219
1gyo,A,63
1gyv,A,75
1gyy,B,48
1gz8,A,176
1gzw,B,77
1h03,P,73
1h0s,A,84
1h16,A,470
1h1n,A,219
1h1y,A,122
1h2b,B,180
1h2c,A,86
1h2e,A,75
1h2s,A,107
1h2s,B,14
1h32,A,151
1h4a,X,120
1h4g,A,145
1h4p,A,242
1h4r,A,184
1h5q,L,168
1h5v,A,212
1h6w,A,93
1h75,A,35
1h7e,B,131
1h80,B,219
1h8p,B,58
1h9m,A,51
1hbg,A,47
1hc9,B,44
1hd2,A,91
1hd5,A,128
1hdh,A,324
1hfo,E,72
1hfs,A,101
1hfu,A,317
1hgx,B,90
1hh8,A,104
1hj8,A,114
1hjs,B,209
1hl7,B,184
1hlq,C,40
1hp1,A,335
1hq0,A,150
1ht6,A,260
1hw1,B,137
1hxi,A,65
1hxr,B,65
1hyo,A,283
1hz6,C,40
1hzj,A,189
1hzo,A,160
1i0l,A,100
1i0v,A,53
1i12,C,94
1i19,A,316
1i1j,B,65
1i1n,A,125
1i24,A,259
1i2h,A,79
1i2m,B,170
1i2t,A,38
1i3c,B,77
1i4u,A,123
1i58,B,99
1i60,A,175
1i6m,A,143
1i88,A,258
1i8k,B,71
1i9c,A,75
1ia6,A,231
1iap,A,57
1icp,A,203
1idr,A,34
1ie0,A,88
1ig3,A,112
1ig5,A,40
1igq,A,29
1ii5,A,120
1iir,A,203
1ijb,A,115
1ijx,C,52
1ijy,B,74
1ikp,A,318
1ikt,A,45
1inj,A,92
1inl,A,189
1io0,A,108
1iom,A,239
1ioo,B,136
1iqz,A,54
1isp,A,108
1itx,A,239
1iu8,B,120
1iue,B,66
1iuq,A,206
1iuz,A,61
1iwd,A,141
1ix1,B,108
1ix2,A,52
1ix9,A,133
1iy8,C,146
1iyb,A,138
1iyn,A,141
1izc,A,163
1ize,A,195
1j05,B,73
1j0h,B,342
1j1g,A,126
1j1y,A,67
1j24,A,77
1j2j,B,26
1j2r,A,132
1j30,B,68
1j34,A,67
1j34,B,71
1j3w,C,62
1j5x,A,180
1j71,A,195
1j77,A,96
1j7d,A,80
1j7g,A,65
1j7k,A,117
1j8e,A,31
1j8u,A,204
1j97,B,129
1j9b,A,93
1j9l,A,100
1jak,A,291
1jat,A,64
1jat,B,48
1jay,B,128
1jcd,A,24
1jcv,A,98
1jd0,B,169
1jdl,A,50
1jf8,A,85
1jfu,A,95
1jfx,A,135
1jg1,A,129
1jhd,A,253
1jhf,A,101
1ji1,A,435
1jid,A,67
1jiw,P,277
1jkg,A,81
1jkx,A,122
1jl3,D,67
1jlt,A,78
1jlt,B,77
1jm1,A,125
1jnd,A,281
1jo0,A,47
1jo8,A,34
1jp4,A,201
1jpe,A,61
1jr8,A,65
1jrl,A,83
1jt2,A,139
1jub,B,159
1juh,D,218
1jv1,A,293
1jvb,A,156
1jw9,B,122
1jw9,D,19
1jwq,A,109
1jy2,N,26
1jy2,R,30
1jy3,P,36
1jya,A,48
1jyh,A,104
1jzt,A,123
1k07,A,171
1k1e,K,97
1k2e,A,103
1k2x,C,98
1k33,A,27
1k38,B,139
1k3s,A,42
1k5c,A,206
1k5n,A,198
1k66,B,82
1k6a,A,204
1k6d,B,101
1k75,B,272
1k77,A,134
1k7c,A,150
1k8w,A,142
1k92,A,251
1k94,A,94
1k9u,B,37
1ka1,A,254
1kao,A,89
1kb0,A,410
1kcq,A,63
1kcz,B,241
1keq,B,136
1kfr,A,87
1kfw,A,244
1kgd,A,99
1kgs,A,149
1khi,A,79
1kj9,A,217
1kjv,A,175
1kl9,A,51
1klx,A,60
1km9,A,69
1kms,A,105
1kmt,A,92
1kng,A,77
1koe,A,99
1kpt,A,60
1kpu,B,68
1kq1,B,29
1kq3,A,246
1kqf,A,656
1kqp,A,180
1kqr,A,101
1krh,A,210
1krn,A,49
1ks8,A,267
1ku1,A,104
1kug,A,144
1kvd,C,32
1kve,D,43
1kw4,A,35
1kw6,B,179
1kwg,A,372
1ky3,A,90
1kzq,A,124
1l1d,B,80
1l2p,A,21
1l2t,B,89
1l3i,E,32
1l3k,A,88
1l5o,A,183
1l5w,B,423
1l6r,A,144
1l6w,B,109
1l7l,A,88
1l9l,A,47
1l9x,A,173
1lc3,A,170
1lc5,A,222
1le6,A,63
1les,B,30
1lfk,A,178
1lj5,A,210
1lj8,A,331
1lk5,B,126
1lkd,A,141
1lke,A,62
1llf,B,371
1lml,A,241
1lo6,A,100
1lq9,A,74
1lqa,A,226
1lqt,A,270
1lqv,A,96
1lqx,A,43
1lr0,A,72
1lr7,A,43
1lrh,A,120
1lri,A,61
1lrk,A,166
1ls1,A,122
1ls6,A,151
1ls9,A,50
1lua,C,159
1lv7,A,144
1lvw,B,173
1lw6,E,189
1lw6,I,48
1lwd,B,244
1ly2,A,76
1m0s,B,120
1m0u,A,115
1m0z,A,164
1m1f,A,72
1m1r,A,47
1m22,B,246
1m2t,B,62
1m2x,D,118
1m33,A,137
1m3u,C,151
1m48,A,62
1m4i,A,122
1m4j,A,60
1m5t,A,83
1m65,A,133
1m66,A,167
1m6i,A,249
1m6j,B,149
1m6s,A,194
1m70,D,103
1m7a,B,117
1m7g,A,137
1m7j,A,333
1m7s,D,340
1m7y,A,218
1m8s,A,59
1m93,B,93
1mb4,A,215
1mc2,A,80
1md6,A,92
1mdo,A,178
1me8,A,146
1meo,A,127
1mex,H,122
1mex,L,140
1mg4,A,64
1mg7,B,208
1mgq,C,42
1mgr,A,56
1mgt,A,108
1mhn,A,38
1mhx,A,28
1mi3,B,233
1mj5,A,163
1mjf,B,156
1mjh,B,76
1mk0,A,65
1mkk,A,61
1mky,A,221
1mlw,A,150
1mn8,B,58
1mo0,B,131
1mo1,A,47
1moq,A,203
1mpl,A,238
1mpx,B,420
1muw,A,209
1mv8,C,304
1mvf,A,55
1mvf,D,10
1mvo,A,74
1mw9,X,273
1mwq,A,58
1mxg,A,273
1mxr,A,242
1my6,B,115
1mz4,A,70
1mzb,A,37
1n08,B,87
1n0q,B,56
1n0w,A,114
1n12,A,74
1n13,G,29
1n1j,A,52
1n1j,B,57
1n2x,A,143
1n3y,A,104
1n40,A,256
1n45,B,104
1n71,C,79
1n7e,A,41
1n7h,B,220
1n7s,A,26
1n7s,B,35
1n7s,C,44
1n7s,D,32
1n83,A,157
1n8f,B,218
1n8k,A,255
1n93,X,208
1n9l,A,44
1n9p,A,109
1na5,A,112
1naa,A,389
1nb9,A,79
1nbu,D,44
1nc7,D,70
1ncw,H,148
1ndb,B,316
1ndd,A,39
1ne7,C,153
1nep,A,98
1ney,A,170
1nf8,A,129
1nff,B,114
1nfv,N,77
1nh2,A,95
1nh2,B,11
1nh2,D,52
1nhc,E,214
1nhk,L,85
1nki,B,78
1nlf,A,111
1nli,A,171
1nls,A,154
1nn5,A,132
1nnf,A,194
1nnh,A,216
1nnl,A,98
1nns,A,185
1nnw,B,114
1noa,A,63
1nof,A,245
1nox,A,112
1npy,B,161
1nq6,A,209
1nq7,A,143
1nqj,A,54
1nqu,B,97
1nr0,A,357
1nr4,G,27
1nrj,A,36
1nrj,B,114
1nrv,B,55
1nrw,A,155
1ns5,B,90
1nte,A,61
1nth,A,276
1ntv,A,71
1nu0,A,67
1nul,A,64
1nut,A,108
1nvm,C,215
1nvm,F,164
1nw2,H,54
1nwa,A,121
1nwp,A,73
1nww,A,96
1nxc,A,349
1nxj,A,97
1nxm,A,126
1nxo,A,61
1ny1,B,144
1nyk,B,88
1nyt,C,173
1nz0,A,65
1nza,A,47
1nzi,A,86
1nzj,A,190
1o04,E,357
1o0e,B,115
1o0y,B,108
1o13,A,53
1o1x,A,100
1o1y,A,152
1o1z,A,153
1o26,C,102
1o2d,A,233
1o3u,A,66
1o4s,A,195
1o4t,A,47
1o4v,A,85
1o50,A,55
1o54,A,144
1o58,D,159
1o5k,B,156
1o5x,A,162
1o66,B,122
1o69,B,203
1o6a,A,55
1o75,A,113
1o7e,B,167
1o7i,A,76
1o7j,C,221
1o82,A,35
1o8b,B,137
1o8s,A,88
1o8v,A,83
1o8x,A,104
1o91,C,84
1o97,D,182
1o98,A,286
1o9g,A,126
1o9r,E,115
1oa0,B,372
1oa2,C,154
1oai,A,39
1oal,A,83
1oao,A,410
1oaq,H,80
1oaq,L,72
1ob3,A,138
1ob8,A,65
1obb,A,234
1obf,O,239
1obo,A,103
1oc2,B,215
1oc7,A,251
1oc8,A,91
1ocy,A,138
1od6,A,76
1odk,A,121
1odm,A,246
1odo,A,219
1odv,A,67
1odz,A,272
1oew,A,203
1of1,A,130
1of8,B,232
1ofc,X,120
1off,A,56
1ofl,A,297
1ofs,C,111
1ofz,A,202
1ogm,X,433
1oh0,A,76
1oh4,A,99
1oh9,A,125
1oi0,C,54
1oi2,A,212
1oi6,B,141
1oi7,A,150
1oih,D,102
1ojh,F,29
1ojk,A,300
1ojx,C,148
1ok0,A,37
1oki,B,122
1okt,A,94
1om0,A,145
1on3,A,265
1ong,A,135
1oni,C,71
1onj,A,41
1onr,A,148
1ooe,A,153
1oot,A,29
1oq1,B,121
1oqj,A,64
1orn,A,71
1orr,A,169
1oru,B,100
1os6,A,32
1osy,B,83
1ou8,B,66
1ouw,C,95
1ow1,A,91
1ow3,A,131
1ox0,A,274
1oxs,C,190
1oyg,A,342
1oyw,A,258
1oz9,A,85
1p0f,B,197
1p0h,A,166
1p0k,A,89
1p1j,A,318
1p1m,A,235
1p1x,B,149
1p28,B,83
1p2f,A,112
1p31,B,256
1p3c,A,146
1p5g,X,290
1p5z,B,151
1p6o,B,106
1p6z,N,38
1p71,A,41
1p99,A,125
1p9h,A,78
1pa2,A,62
1pbj,A,66
1pcf,C,37
1pdo,A,57
1pe9,B,210
1pfb,A,39
1pfz,A,170
1pg4,B,367
1pg6,A,86
1pgv,A,87
1phn,A,103
1pj5,A,545
1pk3,B,34
1pkh,A,107
1pko,A,58
1pl2,B,146
1pl3,A,117
1plc,A,55
1pmh,X,103
1pn0,B,439
1pn2,C,169
1pnc,A,62
1pp0,C,96
1pqh,B,61
1psr,A,64
1pt6,A,109
1pu7,A,139
1puc,A,43
1puo,B,97
1pvb,A,63
1pvm,A,95
1pvx,A,127
1pwa,A,78
1px5,B,180
1pxv,B,114
1pyf,A,186
1pyl,A,62
1pyo,B,57
1pzg,A,202
1pzs,A,106
1q08,B,50
1q0p,A,80
1q0q,A,246
1q0r,A,182
1q11,A,181
1q1r,B,219
1q1y,A,115
1q2o,B,237
1q35,A,214
1q40,A,69
1q40,B,74
1q44,A,129
1q4r,A,63
1q4u,B,67
1q5m,B,222
1q5z,A,90
1q6h,A,135
1q6o,A,137
1q74,C,167
1q7e,A,250
1q7l,A,151
1q7l,B,67
1q7r,A,43
1q8b,A,52
1q8d,A,58
1q8f,A,215
1q9u,A,67
1qad,A,73
1qb5,E,45
1qb7,A,127
1qba,A,485
1qcs,A,100
1qd9,C,80
1qfo,B,50
1qg6,C,132
1qg8,A,164
1qgj,A,180
1qgu,A,316
1qgu,D,380
1qh5,B,170
1qho,A,489
1qhq,A,71
1qhv,A,123
1qjw,B,197
1qkr,A,84
1ql0,B,154
1qlw,A,212
1qmv,H,99
1qmy,C,93
1qnj,A,172
1qnn,C,112
1qnx,A,116
1qou,B,110
1qoz,B,124
1qq7,B,118
1qrp,E,158
1qsa,A,416
1qt9,A,69
1qu1,D,55
1qu9,A,85
1qul,A,182
1qus,A,171
1qv9,C,127
1qve,B,79
1qvz,B,117
1qw9,B,335
1qwd,A,102
1qwg,A,159
1qwk,A,185
1qwm,B,331
1qwo,A,316
1qwr,A,161
1qwx,B,80
1qwy,A,163
1qwz,A,135
1qxy,A,169
1qy6,A,113
1qyb,A,99
1qyz,A,63
1qz9,A,232
1qzr,A,230
1r0d,G,65
1r0k,A,123
1r0m,B,247
1r0u,A,83
1r12,A,158
1r17,A,226
1r26,A,80
1r29,A,78
1r2r,B,162
1r3d,A,126
1r3q,A,179
1r45,B,133
1r4v,A,73
1r4x,A,201
1r55,A,97
1r5l,A,144
1r5m,A,216
1r62,A,76
1r6d,A,180
1r6w,A,203
1r6x,A,235
1r77,B,66
1r7a,B,305
1r7j,A,53
1r89,A,221
1r8h,D,33
1r8s,A,101
1r9c,A,70
1r9d,A,409
1r9f,A,51
1r9h,A,69
1r9l,A,200
1r9w,A,77
1ra0,A,297
1rc9,A,147
1rdg,A,34
1rdo,2,67
1rdq,E,236
1rff,B,273
1rfs,A,70
1rfy,B,54
1rg8,B,92
1rgx,C,44
1rgz,A,204
1rh6,B,29
1rh9,A,240
1rhc,A,163
1rhf,B,41
1rie,A,82
1rjc,A,61
1rk8,A,50
1rk8,B,44
1rkd,A,148
1rki,A,47
1rkq,A,187
1rku,A,136
1rkx,C,148
1rky,A,342
1rl0,A,169
1rlh,A,70
1rli,A,69
1rlk,A,66
1rm6,A,452
1rm6,B,177
1rm6,C,105
1roc,A,103
1rp0,B,172
1rq2,B,112
1rqb,A,234
1rro,A,73
1rtt,A,103
1ru4,A,263
1rut,X,95
1rw1,A,77
1rw9,A,505
1rwi,A,165
1rwj,A,33
1rwr,A,172
1rwz,A,124
1rx0,C,210
1rxq,C,104
1rxy,A,156
1ry9,C,81
1ryi,B,181
1ryl,A,80
1ryo,A,195
1ryq,A,36
1rz3,A,90
1rzh,H,131
1rzh,L,150
1rzh,M,135
1rzl,A,49
1s0a,B,249
1s0i,A,422
1s1d,B,204
1s1f,A,198
1s2o,A,152
1s2w,A,151
1s4k,B,64
1s57,B,68
1s5a,B,70
1s5d,A,136
1s5u,D,61
1s69,A,63
1s7k,A,83
1s99,A,102
1s9r,A,296
1s9u,A,140
1sa3,A,143
1sau,A,67
1sbp,A,178
1sbx,A,65
1sby,A,166
1sd5,A,97
1sdi,A,127
1sds,A,43
1se8,A,99
1seg,A,39
1seh,A,73
1sen,A,91
1sf9,A,60
1sff,C,226
1sfs,A,100
1sfx,B,68
1sg4,C,149
1sg6,A,150
1sgv,B,137
1sgw,A,133
1sh7,B,183
1sh8,B,70
1shk,A,38
1shu,X,112
1sk4,A,97
1skz,A,61
1sl9,A,126
1smb,A,66
1smo,A,79
1smx,B,40
1sn2,B,63
1sng,A,204
1snn,A,117
1sny,A,74
1so7,A,199
1soi,A,69
1spj,A,154
1sqn,B,157
1sqs,B,126
1ss4,B,69
1suu,A,172
1svd,M,75
1sw5,B,180
1swy,A,100
1sxq,B,229
1sxr,A,101
1sxv,A,103
1sy7,B,385
1syy,A,175
1szd,A,129
1szh,A,75
1szn,A,280
1szo,K,172
1t00,A,67
1t06,A,120
1t07,A,38
1t0a,A,97
1t0b,D,165
1t0f,B,102
1t0f,C,18
1t0h,A,57
1t0p,B,41
1t1j,B,75
1t1v,B,63
1t2a,B,197
1t2d,A,224
1t2h,B,72
1t2w,C,56
1t3i,B,214
1t3q,A,90
1t3q,B,410
1t3y,A,81
1t4b,B,219
1t61,C,134
1t61,E,130
1t6c,A,201
1t6g,A,207
1t6g,D,132
1t6t,1,63
1t6u,L,84
1t6v,N,75
1t7r,A,165
1t82,C,71
1t8h,A,142
1t8t,B,146
1t8z,C,29
1t92,B,65
1t9m,B,94
1ta8,A,170
1taw,B,20
1taz,A,192
1tbf,A,214
1tc5,B,105
1tca,A,221
1tcv,C,171
1tcz,C,50
1td4,A,54
1te2,A,131
1tez,B,219
1tf4,A,285
1tg0,A,32
1tg7,A,597
1tgr,A,26
1tgx,B,19
1th7,H,47
1thg,A,237
1thq,A,67
1thx,A,59
1thz,A,310
1tjy,A,214
1tke,A,142
1tmx,A,176
1to4,A,88
1toa,B,138
1top,A,76
1tov,A,54
1tp6,A,77
1tp9,B,111
1tq4,A,209
1tqh,A,128
1tqj,B,138
1tr0,J,83
1tsf,A,39
1tt8,A,112
1tu1,B,77
1tu7,B,153
1tu9,A,79
1tua,A,96
1tuh,A,50
1tuk,A,37
1tvn,B,194
1tw9,C,101
1twd,A,121
1twy,D,124
1tx2,A,169
1txg,B,215
1txo,B,104
1ty0,B,123
1tz0,B,56
1tzj,B,80
1tzp,A,178
1tzw,A,75
1u02,A,127
1u07,A,45
1u0a,D,150
1u0f,A,373
1u0k,B,175
1u11,A,91
1u1s,D,33
1u1w,B,172
1u2b,A,80
1u2h,A,62
1u2p,A,77
1u2w,B,31
1u36,A,47
1u3i,A,122
1u53,A,101
1u55,A,69
1u5d,B,71
1u60,B,204
1u69,D,99
1u6e,A,185
1u6r,B,278
1u6t,A,69
1u6z,B,327
1u7i,A,87
1u7l,A,189
1u7p,A,93
1u84,A,41
1u8f,Q,204
1u8v,C,341
1u8y,B,105
1u94,A,135
1u9c,A,151
1u9k,A,67
1u9p,A,40
1ua4,A,226
1uai,A,148
1ual,A,141
1uar,A,143
1uas,A,221
1uay,B,118
1ub3,A,119
1uc4,A,338
1uc4,G,74
1ucs,A,43
1udr,B,60
1ueb,A,110
1uec,A,75
1ued,A,202
1ueh,A,106
1uek,A,142
1uf5,A,189
1ufi,B,28
1ufy,A,78
1ug6,A,280
1ugi,E,33
1ugp,A,135
1ugp,B,152
1ugx,A,86
1uha,A,52
1uhe,A,46
1uhg,D,175
1uhk,B,127
1ui0,A,127
1uix,A,28
1uj0,A,30
1uj2,A,103
1uj6,A,115
1uj8,A,43
1ujn,A,126
1ujp,A,143
1uk7,A,180
1ukf,A,117
1ukk,A,47
1ukm,A,77
1ukm,B,66
1uku,A,71
1ukz,A,92
1ulr,A,52
1umd,C,184
1umd,D,198
1umg,A,194
1umk,A,186
1umz,A,130
1uow,A,95
1uoy,A,41
1uoz,A,176
1ups,B,286
1upt,D,30
1upt,E,105
1uqx,A,72
1uqz,A,229
1ur5,A,155
1urn,C,55
1urr,A,41
1urs,A,198
1urx,A,190
1us5,A,152
1use,A,18
1usf,B,100
1usg,A,199
1uso,A,41
1usp,B,59
1usq,B,79
1ut7,B,77
1uti,A,33
1uu3,A,194
1uu4,A,162
1uuf,A,191
1uuj,A,44
1uuq,A,280
1uuy,A,97
1uv4,A,199
1uvq,A,117
1uvq,B,114
1uw4,C,56
1uw4,D,185
1uwc,A,179
1uwf,A,102
1uwk,B,348
1uws,B,238
1uww,A,136
1uwz,A,68
1uxo,A,135
1uxx,X,76
1uy1,A,86
1uyx,A,89
1uz3,A,74
1uzn,B,103
1v05,A,63
1v08,B,330
1v0a,A,109
1v0w,A,322
1v0z,B,276
1v2b,B,112
1v2z,A,65
1v37,A,97
1v3y,B,97
1v4p,C,111
1v4v,A,135
1v58,B,100
1v5f,A,313
1v5i,B,48
1v5v,B,264
1v5y,A,129
1v6s,A,226
1v6t,A,131
1v70,A,51
1v7p,C,98
1v7r,A,112
1v7w,A,493
1v84,A,133
1v8c,C,81
1v8f,A,139
1v8h,A,55
1v8y,A,82
1v96,B,72
1v98,A,38
1v9y,B,53
1va0,A,54
1vbi,A,167
1vbk,B,158
1vbu,A,208
1vbw,A,35
1vc4,B,128
1vcd,A,56
1vch,C,32
1vd1,A,96
1vd6,A,116
1vdk,B,175
1vdw,A,129
1ve1,A,171
1vef,B,216
1vf1,A,141
1vfy,A,54
1vg8,C,101
1vgg,A,106
1vgy,B,157
1vh4,B,252
1vh5,A,81
1vhc,F,116
1vhe,A,202
1vhf,A,63
1vhn,A,169
1vhq,A,125
1vhs,A,56
1vht,B,135
1vhu,A,118
1vhv,A,133
1vhw,A,146
1vi3,A,98
1vi4,A,101
1vi6,B,94
1via,B,89
1vic,B,106
1vim,A,128
1vio,A,126
1vj2,A,77
1vje,A,99
1vjk,A,61
1vjo,A,235
1vjv,A,205
1vk1,A,150
1vk2,A,109
1vk4,A,159
1vk5,A,79
1vk8,B,54
1vkc,A,65
1vke,F,63
1vkf,C,94
1vkh,A,154
1vki,A,123
1vkk,A,97
1vkm,C,154
1vkn,A,151
1vl1,A,153
1vl2,B,240
1vl4,A,199
1vl5,B,115
1vl7,A,73
1vla,C,70
1vlc,A,116
1vlj,A,68
1vlp,C,288
1vlr,A,204
1vly,A,189
1vm0,A,59
1vm9,A,72
1vma,A,146
1vmb,A,70
1vme,B,203
1vmf,C,100
1vmg,A,49
1vmh,A,92
1vmj,A,95
1vp2,A,109
1vp6,C,62
1vp8,A,124
1vpb,A,98
1vpd,A,173
1vph,E,90
1vpm,B,69
1vpr,A,190
1vps,A,167
1vq3,B,50
1vqs,D,78
1vqu,A,66
1vqz,A,147
1vr5,B,336
1vr8,A,83
1vrm,A,194
1vsr,A,79
1vyf,A,59
1vyk,A,84
1vzi,B,77
1vzm,B,18
1vzy,B,102
1w0d,A,164
1w0h,A,157
1w0n,A,72
1w0p,A,413
1w0u,A,33
1w1d,A,111
1w1q,A,315
1w2c,A,143
1w2i,B,54
1w2y,A,108
1w3h,A,164
1w3i,A,192
1w3w,A,201
1w3y,A,450
1w4r,F,95
1w4s,A,97
1w4t,A,152
1w4v,B,73
1w4x,A,312
1w5r,B,178
1w66,A,143
1w6s,C,425
1w6s,D,34
1w70,A,38
1w7x,L,33
1w8u,A,92
1w96,B,279
1w99,A,299
1w9a,B,92
1w9i,A,446
1w9p,A,276
1w9s,A,93
1wa0,X,225
1wa3,A,102
1wb0,A,202
1wb6,B,201
1wba,A,102
1wbe,A,117
1wbh,B,119
1wbj,A,156
1wbj,B,247
1wc1,C,61
1wc2,A,120
1wc9,A,89
1wcg,B,347
1wck,A,90
1wcu,A,99
1wd3,A,307
1wdd,S,62
1wdr,A,333
1wdv,B,95
1wei,A,119
1whz,A,45
1wj9,A,93
1wka,A,68
1wko,A,120
1wkq,B,101
1wkr,A,252
1wku,B,149
1wkx,A,33
1wky,A,260
1wl4,A,242
1wl8,A,125
1wlg,B,173
1wlj,A,90
1wly,A,197
1wlz,C,60
1wm2,A,45
1wma,A,179
1wmd,A,259
1wmh,A,50
1wmw,A,187
1wmz,D,99
1wn2,A,51
1wna,A,41
1wo8,D,74
1wog,E,166
1woq,B,108
1wor,A,172
1wov,B,148
1wp5,A,196
1wpa,A,69
1wpn,B,124
1wpu,A,61
1wq8,A,62
1wqj,B,45
1wqj,I,32
1wr8,B,123
1wrd,A,56
1wri,A,51
1wrm,A,71
1ws0,A,86
1ws8,A,68
1wsd,A,173
1wst,A,208
1wt6,A,39
1wte,A,175
1wtj,A,172
1wto,A,39
1wu9,B,47
1wur,B,115
1wv3,A,114
1wve,D,47
1wvf,A,344
1wwi,A,76
1wwz,B,92
1wx1,B,105
1wxc,B,49
1wxi,A,143
1wxx,A,195
1wy1,A,64
1wy2,B,177
1wz3,A,51
1wz8,A,120
1wzn,B,129
1wzo,B,113
1wzz,A,182
1x0c,A,349
1x0l,A,167
1x13,B,180
1x1i,A,422
1x1n,A,326
1x1o,B,127
1x1t,A,131
1x2i,A,38
1x2t,C,74
1x38,A,297
1x3o,A,40
1x3s,A,104
1x3x,B,40
1x46,A,97
1x54,A,287
1x6i,A,68
1x6o,A,77
1x6x,X,69
1x7d,A,215
1x82,A,102
1x8d,C,63
1x91,A,93
1x9d,A,337
1x9i,A,179
1x9u,A,61
1xa4,A,264
1xbb,A,164
1xbu,A,163
1xcr,A,144
1xd3,C,139
1xdn,A,197
1xdz,A,150
1xe0,J,50
1xe7,C,92
1xeo,A,102
1xes,B,207
1xfi,A,194
1xfk,A,161
1xfs,A,72
1xg2,A,208
1xg2,B,103
1xg4,A,153
1xg5,A,153
1xg7,B,126
1xgk,A,176
1xgs,A,140
1xhd,A,108
1xhk,B,81
1xhn,A,119
1xi3,A,118
1xiw,A,40
1xiw,C,55
1xiw,H,66
1xiy,A,87
1xk4,H,58
1xk4,I,54
1xki,A,58
1xkp,B,66
1xkp,C,50
1xky,B,196
1xkz,B,160
1xlq,C,59
1xm3,A,111
1xm8,A,162
1xmk,A,45
1xmp,B,107
1xmt,A,59
1xnf,A,155
1xnk,A,122
1xo7,B,106
1xoc,A,290
1xod,A,55
1xov,A,143
1xph,A,100
1xpm,D,225
1xpp,C,47
1xqa,A,59
1xqd,A,227
1xql,A,174
1xqo,A,165
1xre,A,123
1xrf,A,204
1xrk,B,82
1xru,B,163
1xs5,A,126
1xsq,A,86
1xt5,A,79
1xtp,A,138
1xtt,C,109
1xu1,D,78
1xu1,T,23
1xv5,A,234
1xvg,C,231
1xvg,E,103
1xvo,A,144
1xvq,A,80
1xvw,B,82
1xvx,A,200
1xw6,A,87
1xwt,A,282
1xwv,A,59
1xww,A,105
1xx1,C,148
1xxq,D,98
1xy7,B,51
1y07,C,75
1y08,A,169
1y0b,D,124
1y0h,A,67
1y0k,A,113
1y0m,A,43
1y0u,A,57
1y0y,A,169
1y12,A,94
1y1p,A,203
1y1x,A,83
1y20,A,169
1y2b,B,246
1y2m,C,450
1y2t,B,110
1y37,A,191
1y3n,A,284
1y42,X,197
1y4j,B,143
1y4w,A,361
1y51,A,52
1y55,Y,85
1y5e,A,90
1y5h,A,60
1y5i,B,345
1y60,E,81
1y63,A,90
1y66,C,22
1y6x,A,58
1y71,A,55
1y7p,B,105
1y7r,B,82
1y7t,B,158
1y7w,A,157
1y80,A,79
1y81,A,67
1y8a,A,191
1y9i,A,75
1y9l,A,51
1y9q,A,96
1y9w,B,65
1y9z,B,292
1yac,B,126
1yal,A,127
1yar,D,77
1yar,N,105
1yar,S,124
1yb0,B,99
1yb1,A,128
1yb3,A,90
1yb5,A,174
1ybi,B,234
1ybk,D,38
1ybx,B,42
1yby,B,105
1ybz,A,50
1yc5,A,168
1yc7,B,79
1yc9,A,210
1yd3,A,67
1ydy,A,164
1ye8,A,129
1yfn,C,54
1yfu,A,70
1yg9,A,201
1yif,A,311
1yj7,A,108
1ykd,A,236
1yki,B,162
1yle,A,202
1ylm,B,99
1ylx,B,54
1ym3,A,104
1ymd,A,123
1ymt,A,125
1yn3,B,60
1yn8,E,40
1yn9,A,118
1ynb,C,72
1ynh,B,225
1ynp,B,184
1yo3,A,50
1yoa,A,97
1yoc,B,86
1yoe,A,203
1yon,A,117
1yp1,A,80
1yph,D,88
1yph,E,66
1yq2,C,665
1yqd,A,204
1yqe,A,138
1yqh,A,72
1yqw,B,152
1yqw,Q,344
1yqz,A,282
1yrk,A,89
1ys1,X,225
1ysl,B,200
1ysq,A,111
1ysr,B,26
1yt3,A,209
1yt8,A,311
1ytq,A,127
1yu4,B,232
1yu6,B,173
1yuc,A,99
1yv1,A,106
1yvr,A,224
1yw5,A,115
1yx1,A,140
1yxj,B,80
1yxm,B,122
1yxy,A,146
1yya,A,156
1yzf,A,123
1yzx,A,87
1z0n,B,61
1z0s,C,144
1z1l,A,205
1z1s,A,78
1z21,A,68
1z2n,X,168
1z3e,A,84
1z3e,B,42
1z3q,A,140
1z3x,A,158
1z40,E,116
1z41,B,220
1z47,A,133
1z4j,A,135
1z4r,A,85
1z67,A,66
1z6m,A,107
1z6n,A,92
1z6o,D,100
1z6o,M,104
1z70,X,181
1z72,A,120
1z76,B,84
1z7a,D,204
1z7g,B,80
1z7x,W,238
1z84,A,210
1z8g,A,231
1z8o,A,220
1z96,A,19
1z9l,A,65
1z9t,A,138
1zar,A,161
1zb9,A,77
1zbf,A,83
1zc0,A,133
1zce,A,94
1zch,A,154
1zd0,A,55
1zd7,B,99
1zd8,A,139
1zd9,A,101
1zdy,A,166
1zel,B,155
1zem,A,127
1zgd,B,189
1zgz,D,69
1zh5,B,130
1zhh,A,159
1zhh,B,50
1zhq,A,77
1zhv,A,69
1zhx,A,260
1zi9,A,135
1zja,A,364
1zjc,A,274
1zjj,B,148
1zk4,A,139
1zk5,A,106
1zk7,A,268
1zkc,A,120
1zke,B,59
1zki,B,69
1zkk,B,113
1zkl,A,219
1zko,B,79
1zkp,B,166
1zl0,B,177
1zle,A,26
1zlh,B,47
1zlm,A,35
1zm8,A,73
1zma,A,55
1zn6,A,111
1zn8,A,106
1zo2,A,76
1zos,C,137
1zp3,C,145
1zpd,F,368
1zpe,A,147
1zps,B,58
1zpv,A,40
1zpw,X,48
1zq9,B,185
1zr0,D,26
1zr3,B,66
1zr6,A,270
1zru,A,189
1zs4,D,48
1zs9,A,147
1zsw,A,149
1zsy,A,186
1zt5,A,48
1zu3,A,45
1zuo,A,74
1zuu,A,31
1zuw,C,131
1zuy,A,27
1zv1,A,32
1zv9,A,114
1zvt,A,144
1zwh,A,119
1zwx,A,175
1zwy,C,91
1zwz,A,79
1zx6,A,39
1zx8,C,57
1zxt,B,37
1zxx,A,100
1zy7,A,249
1zz0,A,238
1zzg,B,207
1zzk,A,36
1zzo,A,66
1zzw,A,94
256b,B,66
2a07,K,52
2a0m,A,189
2a0n,A,150
2a13,A,98
2a14,A,188
2a15,A,76
2a26,C,30
2a28,A,33
2a2m,B,127
2a2n,C,66
2a2r,B,133
2a33,A,82
2a35,A,113
2a3n,A,218
2a3t,A,212
2a40,E,164
2a47,A,89
2a4a,A,143
2a4v,A,107
2a53,C,40
2a5d,A,99
2a5j,A,121
2a5l,A,97
2a5s,A,167
2a61,C,86
2a6c,B,38
2a6s,B,47
2a6v,A,160
2a70,A,174
2a7l,B,51
2a84,A,146
2a8n,A,62
2a8y,C,138
2a9i,A,67
2a9s,A,95
2aal,C,69
2aan,A,72
2aax,A,167
2ab0,A,114
2aba,A,224
2abs,A,170
2abw,B,131
2acf,D,108
2ad6,A,333
2ad6,D,40
2ae2,A,141
2aee,B,113
2aen,E,124
2aex,A,175
2ag4,B,102
2ag5,B,144
2agd,B,184
2agk,A,146
2ah4,X,148
2ah5,A,142
2ah6,B,76
2ahe,A,135
2ahf,A,228
2ahn,A,143
2ahu,A,274
2aie,P,99
2aj6,A,47
2aj7,A,91
2akz,B,238
2amj,B,89
2aml,B,261
2anv,A,86
2any,A,158
2ao9,D,74
2ap1,A,152
2ap3,A,116
2apg,A,324
2apj,C,162
2apo,A,110
2apr,A,209
2apx,A,76
2aq5,A,275
2aqm,A,93
2aqp,A,88
2aqv,B,161
2ar1,A,91
2arc,B,94
2arr,A,218
2as0,A,187
2as9,B,107
2asc,A,37
2asd,A,231
2asf,A,86
2ash,B,193
2asu,B,106
2at8,X,76
2au7,A,102
2avd,B,138
2avk,A,81
2axc,A,147
2axq,A,254
2axw,B,74
2axy,A,47
2ayd,A,58
2azw,A,76
2b06,A,103
2b0a,A,80
2b0t,A,311
2b0v,A,97
2b1k,A,62
2b1v,A,129
2b1y,A,39
2b3f,D,267
2b3g,A,63
2b3m,A,76
2b49,A,156
2b4v,A,264
2b4y,A,147
2b4z,A,52
2b58,A,103
2b5a,A,45
2b5h,A,127
2b5w,A,212
2b61,A,242
2b69,A,223
2b6e,H,53
2b6n,A,187
2b7k,A,87
2b7r,A,396
2b82,A,159
2b8m,A,69
2b94,A,123
2b9e,A,190
2b9h,A,236
2b9w,A,178
2ba2,C,34
2bay,E,47
2bba,A,124
2bbe,A,70
2bbr,A,122
2bcg,G,295
2bcg,Y,121
2bcm,B,85
2bcr,A,129
2bdr,A,96
2bei,B,67
2bek,D,112
2bem,A,123
2beq,D,16
2ber,A,389
2bez,C,37
2bf6,A,326
2bff,A,207
2bff,B,220
2bfw,A,106
2bg1,A,218
2bgs,A,200
2bh4,X,66
2bh8,B,40
2bhz,A,311
2bi0,A,190
2big,B,231
2bii,B,264
2bik,B,151
2biv,B,123
2bjf,A,231
2bji,A,174
2bjv,A,136
2bk9,A,102
2bka,A,141
2bkm,B,75
2bko,A,72
2bkr,A,152
2bkx,A,166
2bky,B,55
2bky,Y,51
2bl0,A,32
2bl0,B,100
2bl8,B,55
2blf,A,252
2blf,B,51
2bln,B,198
2bm3,A,91
2bme,B,111
2bmo,A,244
2bmo,B,123
2bnm,B,95
2bo1,A,71
2bo4,F,258
2bog,X,169
2boo,A,134
2boy,C,140
2bpd,B,79
2bpq,A,176
2bqx,A,92
2br9,A,134
2brf,A,61
2brj,A,116
2bry,B,281
2bsj,A,70
2bt6,A,79
2bt9,A,58
2bu3,B,141
2buu,A,112
2buw,B,155
2bv2,B,58
2bv4,A,68
2bw0,A,190
2bw4,A,183
2bw8,A,128
2bwf,A,57
2bwl,A,67
2bwq,A,69
2bwr,B,269
2bz1,A,93
2bz6,H,154
2bzg,A,152
2bzl,A,183
2bzv,A,89
2c07,A,133
2c0c,A,224
2c0d,B,111
2c0g,B,53
2c0h,A,256
2c0n,A,112
2c0r,B,211
2c0z,A,118
2c15,A,182
2c1d,A,157
2c1d,D,71
2c1i,A,248
2c1s,A,77
2c1z,A,252
2c29,F,166
2c2i,B,94
2c2n,A,199
2c2p,A,104
2c2u,A,114
2c3n,C,151
2c3v,A,59
2c41,F,105
2c42,B,640
2c43,A,164
2c46,C,132
2c4e,A,153
2c4f,T,56
2c4j,D,164
2c4n,A,127
2c53,A,154
2c5a,B,249
2c5q,E,168
2c60,A,58
2c61,A,287
2c6q,B,190
2c6u,A,85
2c6z,A,171
2c71,A,138
2c78,A,249
2c82,B,160
2c8h,D,128
2c8m,A,101
2c92,D,87
2c95,B,122
2c9i,D,117
2c9j,F,114
2c9q,A,52
2c9w,A,32
2cal,A,99
2cay,A,91
2cb2,E,147
2cb8,A,50
2cb9,A,122
2cbz,A,172
2cc0,B,120
2cc6,A,44
2ccj,B,91
2ccq,A,62
2ccw,A,57
2cdc,A,195
2cdn,A,114
2cdp,C,78
2cdu,B,257
2cf7,C,104
2cfe,A,108
2cft,A,148
2cfu,A,359
2cg1,A,403
2cg7,A,37
2cgh,A,118
2cgq,A,47
2ch5,B,221
2chc,B,84
2ci0,A,224
2cia,A,55
2cio,A,116
2cir,A,194
2ciu,A,71
2ciw,A,222
2cj4,A,98
2cjj,A,39
2cjl,B,139
2cjp,A,179
2cjs,C,34
2cjt,A,88
2cjz,A,185
2ckf,D,123
2ckk,A,86
2cks,A,190
2cm4,A,83
2cm5,A,67
2cmj,B,190
2cmt,A,86
2cn0,H,156
2cn3,B,474
2cnq,A,151
2cnz,A,76
2cov,I,63
2cs7,A,38
2cu5,A,75
2cul,A,121
2cvd,D,136
2cve,A,103
2cvi,B,60
2cvl,C,67
2cvz,D,150
2cw5,B,96
2cw9,A,78
2cwa,A,69
2cwd,A,71
2cwi,B,70
2cwq,B,64
2cwr,A,57
2cws,A,150
2cwy,A,53
2cwz,D,73
2cx1,A,102
2cx7,A,60
2cxa,A,131
2cxh,A,87
2cxi,B,199
2cxk,E,48
2cxx,B,111
2cxy,A,64
2cye,C,72
2cyg,A,208
2cyy,A,77
2cz2,A,145
2cz4,A,39
2cz9,A,207
2czd,A,130
2czl,A,159
2czq,B,129
2d0i,B,164
2d16,A,95
2d1c,A,252
2d1g,A,320
2d1l,B,80
2d1s,A,368
2d1x,A,25
2d1y,C,121
2d29,A,171
2d2e,A,97
2d2r,B,105
2d37,A,110
2d3d,A,64
2d3n,A,297
2d4k,A,61
2d4n,A,66
2d4p,A,77
2d4v,C,273
2d52,B,265
2d5b,A,238
2d5c,A,97
2d5k,C,99
2d5m,A,119
2d5z,B,96
2d68,B,54
2d69,A,254
2d6m,A,106
2d73,A,459
2d7t,H,81
2d7t,L,70
2d7v,A,70
2d8d,B,49
2d8l,A,214
2db7,A,32
2dbn,A,221
2dbq,A,190
2dby,A,191
2dc3,A,101
2dc4,B,91
2dd7,A,116
2ddb,C,137
2ddr,A,177
2ddx,A,224
2de3,A,221
2de6,A,205
2de6,F,55
2deb,B,435
2dep,A,238
2dfa,A,47
2dfb,A,128
2dfd,C,186
2dg1,C,204
2dg5,C,195
2dga,A,304
2dge,B,66
2dgk,A,250
2dho,A,152
2dka,A,233
2dkh,A,276
2dkj,A,237
2dko,A,37
2dlb,A,50
2dlf,H,73
2dm9,B,85
2dok,A,98
2dp6,A,135
2dp9,A,53
2dpf,D,61
2dpl,A,176
2dqa,A,84
2dqd,L,64
2dql,A,77
2dr1,B,176
2dri,A,135
2drm,B,37
2ds2,D,17
2ds5,A,32
2dsj,B,204
2dsn,B,250
2dsy,C,48
2dt4,A,95
2dt8,A,155
2dtc,B,58
2dtj,A,96
2dtx,A,160
2dur,A,178
2duy,A,32
2dvm,B,236
2dvx,B,206
2dwc,A,178
2dwu,A,145
2dx6,A,66
2dxa,A,91
2dxe,B,96
2dxq,A,100
2dy0,A,105
2dy1,A,302
2dyj,B,40
2dyk,A,66
2dyr,K,16
2dyu,A,198
2e01,A,258
2e0a,A,187
2e0q,A,77
2e0t,A,95
2e10,B,120
2e1n,B,31
2e1v,B,265
2e1z,A,191
2e27,L,49
2e2o,A,143
2e2r,A,149
2e3a,A,237
2e3h,A,43
2e3p,B,156
2e3z,B,286
2e4t,A,356
2e5f,A,197
2e5y,B,58
2e6u,X,89
2e7u,A,230
2e7z,A,329
2e85,A,74
2e8e,A,73
2e8v,B,144
2e9m,A,286
2e9y,B,149
2ea3,A,96
2eab,A,601
2eb4,B,167
2ebb,A,62
2ecs,A,41
2ecu,A,92
2een,B,75
2eeo,B,51
2eey,A,69
2efr,B,33
2efv,A,42
2eg1,A,54
2eg3,A,141
2egd,B,56
2egj,A,87
2egu,A,112
2egv,A,111
2egx,A,74
2egz,A,132
2eh3,A,122
2eh6,A,148
2ehg,A,69
2ehp,A,67
2ehq,A,350
2eht,A,51
2ehz,A,189
2ei5,B,38
2eiq,B,67
2eix,A,155
2eiy,B,179
2ej8,A,73
2eja,B,203
2ejn,B,101
2eju,A,169
2ejw,A,153
2ejx,A,74
2ekg,A,138
2ekp,A,134
2eky,C,66
2elc,B,167
2elf,A,194
2eo4,A,64
2eo5,A,213
2epj,A,239
2epl,X,393
2eq6,B,234
2eqa,A,178
2erf,A,131
2erw,A,28
2erx,A,93
2ery,B,101
2es4,D,66
2esk,A,88
2esl,A,102
2esr,B,61
2ess,A,70
2et1,A,134
2etb,A,165
2etj,A,100
2etv,A,188
2etx,A,123
2eu7,X,64
2eut,A,222
2ev0,B,57
2ev1,A,97
2evb,A,30
2eve,A,88
2evf,A,193
2evr,A,128
2ew0,A,97
2ewh,A,41
2ewt,A,42
2ewu,A,69
2ex0,B,239
2ex2,A,257
2ex4,A,141
2exh,D,273
2exr,A,281
2ez9,A,397
2f01,B,64
2f02,B,138
2f0c,A,99
2f1k,B,164
2f22,B,92
2f23,B,68
2f2b,A,146
2f2e,B,45
2f46,A,78
2f4p,B,28
2f51,A,58
2f5g,B,58
2f5t,X,159
2f5v,A,421
2f5x,A,191
2f60,K,33
2f64,B,108
2f68,X,126
2f6e,A,83
2f6r,A,84
2f6u,A,127
2f71,A,197
2f7b,A,150
2f7v,A,176
2f7w,C,97
2f8a,A,125
2f91,A,161
2f99,C,77
2f9i,C,117
2f9i,D,90
2f9n,B,130
2f9s,B,82
2f9w,B,121
2fa8,A,53
2fad,A,46
2faf,A,378
2fao,B,154
2fb5,A,123
2fb6,A,67
2fba,A,363
2fbd,A,74
2fbn,A,108
2fbq,A,113
2fc3,A,63
2fcl,A,98
2fco,B,92
2fcw,A,65
2fcw,B,51
2fd5,A,81
2fd7,A,29
2fdn,A,29
2fds,A,178
2fdv,A,293
2fe3,A,89
2fe5,A,61
2fe8,A,176
2fef,B,152
2fex,A,107
2ff4,A,238
2ffc,A,180
2ffu,A,314
2ffy,B,194
2fg1,A,80
2fgb,A,203
2fgo,A,46
2fgr,A,198
2fhf,A,546
2fhp,A,120
2fhz,A,69
2fhz,B,62
2fi1,A,152
2fi9,A,47
2fim,A,106
2fj8,A,69
2fjz,A,46
2fk9,A,91
2fkk,A,122
2fl4,A,83
2fl7,A,109
2flh,B,98
2flu,X,174
2fm6,A,174
2fmm,C,47
2fmp,A,207
2fn0,A,182
2fn3,A,287
2fn4,A,55
2fn9,B,189
2fnu,A,245
2fo3,A,55
2foj,A,93
2fom,A,25
2fom,B,81
2fos,A,170
2foz,A,200
2fp2,B,115
2fp7,A,19
2fp7,B,83
2fpe,A,30
2fpq,A,263
2fpx,B,122
2fq3,A,53
2fq4,A,90
2fq6,B,244
2fqp,C,65
2fqw,A,144
2fr2,A,102
2fr5,C,78
2fre,A,131
2frg,P,65
2fs6,A,87
2fsj,A,186
2fsq,A,135
2fsr,A,88
2fss,C,147
2fsx,A,84
2ft0,A,137
2ft6,A,85
2ftr,B,62
2ftx,A,50
2ftx,B,40
2ftz,A,107
2fu0,A,108
2fu4,A,51
2fue,A,159
2ful,A,105
2fup,A,57
2fur,B,95
2fvh,A,43
2fvv,A,45
2fvy,A,195
2fwh,A,55
2fwv,A,102
2fyf,A,239
2fyg,A,79
2fym,D,250
2fyq,A,110
2fzp,A,83
2fzv,B,129
2fzw,B,227
2g0c,A,22
2g0i,B,67
2g0w,A,160
2g1u,A,80
2g2c,A,92
2g2n,C,76
2g30,A,105
2g3a,A,65
2g3d,A,44
2g40,A,95
2g50,A,334
2g5c,D,136
2g5r,A,62
2g5x,A,153
2g64,A,80
2g6f,X,40
2g6y,C,119
2g76,A,164
2g7o,A,40
2g7s,A,102
2g81,I,37
2g82,P,223
2g84,A,113
2g8o,B,194
2g8s,B,211
2g9f,A,34
2g9w,A,70
2ga4,A,201
2ga4,D,49
2ga8,A,167
2gag,A,499
2gag,B,186
2gag,C,88
2gai,B,341
2gas,A,150
2gau,A,120
2gax,A,72
2gb7,D,164
2gbt,A,79
2gbw,E,209
2gc4,B,80
2gc4,L,44
2gc6,A,236
2gco,A,113
2gcu,C,178
2gd2,A,201
2gdq,B,228
2gdz,A,158
2gec,A,80
2gen,A,87
2gew,A,271
2gey,D,91
2gf3,B,206
2gf6,D,80
2gf9,A,125
2gff,A,55
2gfn,B,92
2gfq,B,182
2gg2,A,181
2gg6,A,294
2gh0,B,63
2gh0,D,32
2gh9,A,187
2gha,A,259
2ghs,A,196
2gi3,A,253
2gia,B,80
2gib,B,58
2gig,A,124
2gim,A,69
2giy,A,52
2gj3,A,79
2gj8,A,93
2gjd,C,85
2gjs,B,42
2gke,A,200
2gkp,A,100
2gkr,I,35
2gl5,A,263
2glz,B,80
2gm6,A,41
2gmq,A,39
2gmy,E,100
2gn4,B,103
2gnc,A,26
2gok,A,183
2gom,A,43
2gou,A,242
2gpc,B,133
2gpe,B,24
2gpi,A,60
2gq1,A,177
2gqp,B,110
2gqt,A,147
2gqw,A,239
2grc,A,82
2grr,B,95
2gs5,A,122
2gs8,A,185
2gsd,A,250
2gso,B,241
2gsv,B,30
2gte,A,88
2gtr,A,140
2gu2,B,171
2gu3,A,71
2gud,B,70
2guh,A,80
2gui,A,112
2guv,C,44
2guy,A,323
2gvk,A,179
2gw3,B,106
2gw4,D,68
2gwg,B,174
2gwh,A,183
2gwm,A,126
2gwn,A,260
2gx5,D,92
2gxg,A,82
2gxu,A,109
2gyq,B,88
2gz1,B,227
2gz4,A,128
2gz5,A,177
2gze,A,55
2gze,B,85
2gzg,B,96
2gzv,A,48
2h0u,A,131
2h12,A,244
2h17,A,89
2h1c,A,62
2h1r,A,146
2h1t,B,124
2h1v,A,191
2h26,A,127
2h2b,A,60
2h2r,B,82
2h2z,A,185
2h30,A,99
2h3h,A,213
2h3l,A,71
2h4p,A,224
2h4v,B,185
2h54,B,63
2h58,A,158
2h5c,A,105
2h62,A,55
2h6e,A,147
2h6f,A,222
2h6f,B,268
2h6n,A,214
2h88,A,333
2h88,B,158
2h88,D,19
2h88,P,40
2h8e,A,59
2h8g,B,125
2h8o,A,140
2h9b,A,145
2h9d,B,34
2h9h,A,134
2ha8,B,100
2hax,B,36
2haz,A,60
2hba,A,11
2hbo,A,26
2hbv,A,154
2hc1,A,117
2hc8,A,61
2hc9,A,279
2hcf,A,142
2hd9,A,91
2hda,A,27
2hdo,A,119
2he0,A,100
2he2,A,63
2he4,A,49
2hei,B,109
2hek,B,98
2heu,B,226
2hew,F,78
2hf1,B,20
2hf2,B,88
2hf9,A,135
2hfk,A,128
2hfs,B,168
2hhc,A,159
2hhg,A,86
2hhj,A,170
2hhv,A,356
2hi0,A,158
2hin,B,30
2hiy,A,129
2hjh,A,186
2hjv,A,68
2hke,B,163
2hkv,A,26
2hl7,A,33
2hlc,A,137
2hlr,A,45
2hls,A,103
2hly,A,123
2hlz,A,184
2hmc,A,147
2hmq,D,82
2hng,A,48
2hox,A,275
2hp0,A,266
2hpg,B,186
2hps,A,133
2hpw,A,157
2hq1,A,105
2hq2,A,215
2hq4,A,78
2hq6,A,84
2hq9,B,70
2hqh,C,44
2hqk,A,108
2hqs,D,284
2hqs,H,60
2hqy,A,162
2hra,A,88
2hrz,A,200
2hsa,A,229
2hsi,A,106
2hsj,D,142
2hsz,B,132
2ht9,B,48
2hta,A,185
2htd,A,69
2hu9,A,55
2huc,A,142
2huh,A,92
2huj,A,68
2hur,B,88
2hv8,A,114
2hv8,E,35
2hvm,A,162
2hvw,C,92
2hw4,A,46
2hwn,D,10
2hx5,A,81
2hxi,B,100
2hxm,A,170
2hxp,A,78
2hxt,A,268
2hxv,A,166
2hxw,A,140
2hy5,A,61
2hy5,B,67
2hy7,A,246
2hyk,A,124
2hyt,A,102
2hyv,A,201
2hyx,D,182
2hze,B,52
2hzl,B,217
2i02,A,59
2i0q,A,201
2i0z,A,160
2i1n,A,53
2i24,N,80
2i2o,A,129
2i2q,A,68
2i33,B,149
2i3d,A,132
2i3f,A,136
2i49,A,258
2i4a,A,68
2i51,A,112
2i5d,A,105
2i5i,B,127
2i5r,B,58
2i5u,A,37
2i5v,O,185
2i61,A,38
2i62,D,157
2i6c,A,94
2i6d,A,130
2i6g,B,102
2i6h,A,111
2i6v,A,63
2i71,B,245
2i7a,A,44
2i7c,C,205
2i7d,A,153
2i7f,B,60
2i7g,B,151
2i8d,B,80
2i8g,A,82
2i9a,D,77
2i9i,A,141
2i9x,A,49
2ia1,A,66
2ia7,A,70
2iai,A,108
2iay,A,77
2ib5,A,133
2ib8,A,238
2ibd,A,123
2ibj,A,52
2ibl,A,78
2ibn,A,145
2ibp,B,245
2ic0,A,215
2ic2,B,62
2ic5,A,88
2ic6,A,47
2ic7,B,128
2icg,A,84
2ici,A,155
2icr,A,148
2ict,A,51
2icu,A,149
2icx,A,307
2id3,B,104
2id4,A,315
2id6,A,83
2id8,A,175
2idl,B,66
2ie6,A,142
2iel,A,78
2ieq,A,58
2if6,A,120
2ifc,C,238
2ifq,C,61
2ig6,A,32
2ig8,A,77
2igi,A,118
2igp,A,81
2igv,A,106
2igx,A,162
2ih3,C,46
2ih5,A,262
2ihd,A,77
2ihy,B,117
2ii1,D,151
2ii2,A,212
2iia,A,47
2ij2,A,325
2ijh,A,32
2ijq,A,87
2ikb,B,96
2iks,A,164
2im9,A,200
2imf,A,120
2imh,B,137
2imi,B,161
2imj,C,100
2iml,C,120
2imq,X,167
2imr,A,195
2ims,A,100
2imz,B,73
2in8,A,74
2inc,A,93
2inc,B,113
2inw,B,67
2ion,A,85
2ior,A,111
2ioy,B,143
2ip1,A,242
2ip2,B,145
2ip6,A,51
2ipr,B,95
2ipx,A,133
2iq7,A,212
2iqj,A,62
2iru,B,165
2is8,A,81
2is9,A,142
2isa,H,342
2isb,A,91
2ist,A,152
2it1,A,125
2it9,C,36
2ite,A,89
2iu5,A,129
2ium,A,142
2iuw,A,132
2ivf,A,525
2ivf,B,205
2ivn,A,195
2ivx,A,167
2ivy,A,60
2iw0,A,140
2iw1,A,260
2iw2,B,321
2iwn,A,52
2iwo,B,43
2iwr,A,88
2iwz,A,214
2ix4,B,262
2ixc,A,141
2ixd,B,105
2ixk,A,123
2ixm,A,209
2iy9,A,176
2iya,A,247
2iyf,A,236
2iyv,A,95
2iz6,B,66
2izu,A,179
2izz,B,159
2j05,A,42
2j0i,A,177
2j0v,C,77
2j13,A,97
2j1a,A,92
2j1p,B,158
2j1s,A,104
2j23,A,81
2j27,A,167
2j2j,F,131
2j3x,A,289
2j41,D,110
2j43,B,148
2j5g,A,188
2j5i,F,151
2j5y,A,29
2j5z,C,100
2j6a,A,90
2j6b,A,69
2j6f,A,23
2j6g,A,172
2j6l,F,334
2j6v,B,159
2j6y,D,65
2j73,B,71
2j78,B,297
2j7p,E,97
2j7q,C,150
2j7u,A,267
2j80,A,80
2j8b,A,54
2j8g,A,223
2j8k,A,110
2j8m,A,92
2j91,A,236
2j97,A,56
2j9a,A,290
2j9b,B,68
2j9o,B,162
2j9w,A,78
2ja2,A,208
2jae,B,344
2jah,A,136
2jam,A,171
2jay,A,76
2jb0,A,43
2jb7,B,105
2jb8,A,163
2jba,B,72
2jc4,A,177
2jc5,A,161
2jc9,A,302
2jcb,A,107
2jcq,A,102
2jda,A,98
2jdd,A,96
2jdf,A,95
2jdi,A,240
2jdi,D,268
2jdk,D,78
2je3,A,83
2je8,B,583
2jek,A,97
2jep,B,255
2jer,F,263
2jfg,A,278
2jft,A,135
2jg2,A,253
2jg6,A,134
2jgn,B,74
2jgs,C,62
2jh1,A,135
2jhn,B,178
2jhq,A,149
2ji7,A,366
2jig,B,121
2jik,A,62
2jil,A,47
2jis,A,322
2jjb,A,307
2jjc,A,140
2jjf,A,261
2jjn,A,215
2jjq,A,206
2jjs,C,84
2jju,B,80
2jk9,A,110
2jkb,A,455
2jkg,A,92
2jkh,A,132
2jko,A,150
2jl1,A,147
2jli,A,58
2jlp,A,85
2jlq,A,268
2lis,A,94
2mnr,A,226
2nl9,A,76
2nli,A,209
2nlo,A,171
2nlr,A,121
2nlv,B,68
2nm0,B,78
2nml,A,51
2nmu,A,85
2nmx,A,157
2nn5,A,106
2nn8,A,96
2nnu,A,140
2no4,A,123
2noo,A,312
2np5,B,85
2npn,A,121
2npt,C,51
2npt,D,47
2nq3,A,60
2nq9,A,169
2nql,B,217
2nqt,B,204
2nqw,A,57
2nr4,A,85
2nr5,C,33
2nr7,A,144
2nrk,A,97
2nrr,A,35
2ns1,A,167
2nsa,A,56
2nsf,A,131
2nsq,A,59
2nt4,A,65
2ntp,A,214
2nug,B,101
2nuh,A,49
2nuk,A,93
2nuw,A,183
2nv0,B,67
2nva,B,251
2nw2,B,175
2nw8,B,164
2nwh,A,138
2nwv,A,58
2nx0,A,78
2nx4,C,115
2nxb,B,97
2nxf,A,211
2nxv,A,173
2nxw,A,314
2nyb,A,108
2nyi,B,91
2nyn,C,204
2nyu,A,71
2nz7,A,59
2nzc,A,23
2nzh,A,70
2o07,B,192
2o08,A,58
2o0a,A,150
2o0b,A,252
2o0m,A,156
2o11,A,159
2o16,A,81
2o1c,B,92
2o1q,B,75
2o20,F,175
2o23,B,138
2o28,A,102
2o2c,C,366
2o2g,A,112
2o2k,A,208
2o2p,D,322
2o2x,A,130
2o30,A,47
2o36,A,345
2o37,A,43
2o38,A,32
2o3f,B,25
2o3h,A,158
2o4a,A,27
2o4d,A,78
2o4v,B,263
2o57,C,175
2o5f,B,56
2o5u,A,90
2o62,A,164
2o66,A,60
2o6f,A,85
2o6l,A,69
2o6p,A,83
2o6s,A,138
2o6x,A,196
2o6y,G,318
2o74,F,122
2o7i,A,417
2o7r,A,211
2o8p,A,148
2o8q,A,58
2o90,A,63
2o9c,A,181
2o9s,A,39
2oa2,A,83
2oaa,B,160
2ob2,A,185
2ob3,B,230
2ob5,A,89
2obi,A,118
2obl,A,174
2obp,A,38
2oc3,A,175
2oc5,A,129
2oc6,A,62
2ocg,A,155
2ocs,A,51
2od0,B,52
2od4,A,63
2od5,A,25
2od6,C,52
2oda,B,132
2ode,D,63
2odf,E,131
2odi,B,148
2odk,C,31
2odl,A,231
2oe3,A,73
2oeb,A,95
2oem,A,212
2ofk,A,107
2ofz,A,74
2og1,A,162
2og5,A,216
2og9,B,138
2ogf,B,80
2ogi,A,75
2ogx,A,142
2oh1,D,87
2oh5,A,187
2ohw,B,93
2oik,D,89
2oix,A,77
2oiz,B,265
2oiz,D,72
2oj6,C,115
2ojh,A,110
2okf,B,73
2okm,A,95
2okq,A,53
2oku,A,77
2ol1,B,81
2olm,A,96
2oln,A,246
2olp,A,91
2olr,A,354
2omk,A,131
2oml,A,121
2omo,G,66
2omy,B,59
2omz,A,326
2on5,A,139
2onf,B,84
2oo0,A,254
2oo1,B,65
2ooa,A,25
2ooc,B,46
2ooj,B,46
2ook,A,30
2ooq,A,127
2op6,A,88
2opc,A,70
2opg,B,57
2opj,A,144
2opl,B,115
2opw,A,144
2oqa,B,149
2oqb,A,68
2oqe,B,458
2oqg,B,45
2oqh,D,202
2oqk,A,56
2oqm,D,83
2oqx,A,226
2oqz,A,111
2or7,A,62
2ord,B,262
2orw,A,115
2os0,A,116
2os5,A,85
2os9,B,98
2oso,A,90
2osv,B,155
2osx,A,283
2ot9,A,85
2otm,B,89
2otu,E,69
2ou3,A,88
2ou5,B,108
2ou6,A,113
2oua,A,113
2oui,A,215
2ous,A,229
2ov0,A,70
2ov9,C,77
2ovj,A,131
2ow9,B,117
2ows,A,199
2ox0,A,158
2ox4,H,249
2ox6,B,111
2ox7,B,82
2oxc,A,143
2oxg,A,67
2oxg,Y,63
2oxl,B,31
2oxn,A,203
2oxw,A,105
2oy7,A,203
2oy9,B,51
2oya,B,56
2oyn,A,80
2oyo,A,136
2oze,A,189
2ozf,A,53
2ozh,A,87
2ozl,A,188
2ozn,A,86
2ozn,B,83
2ozt,A,204
2p02,A,257
2p09,A,51
2p0a,B,194
2p0f,A,59
2p0n,A,92
2p0s,A,70
2p0u,A,225
2p0w,B,217
2p12,A,93
2p13,A,19
2p14,A,129
2p17,A,151
2p18,A,172
2p1g,B,156
2p1m,B,381
2p1t,A,146
2p25,A,69
2p2d,C,187
2p2r,A,38
2p2s,A,215
2p2v,A,116
2p2w,A,215
2p35,B,128
2p39,A,89
2p3e,A,227
2p3h,A,42
2p3p,B,137
2p3w,A,69
2p49,B,75
2p4d,A,96
2p4e,P,62
2p4h,X,182
2p4k,A,137
2p51,A,148
2p54,A,139
2p57,A,74
2p58,A,28
2p58,C,64
2p5k,A,52
2p5y,A,173
2p65,A,111
2p67,A,137
2p68,A,161
2p6h,B,71
2p6w,A,154
2p6x,A,100
2p6y,A,74
2p6z,A,80
2p74,A,147
2p7i,B,108
2p8b,A,192
2p8e,B,177
2p8g,A,118
2p8i,D,70
2p8t,A,104
2p92,B,42
2p97,B,102
2p9b,A,210
2p9w,A,200
2p9x,D,47
2pa1,A,44
2pa5,A,203
2pa6,B,237
2pa7,B,74
2pag,A,71
2pb2,B,231
2pbc,C,53
2pbd,P,90
2pbi,C,78
2pbi,D,172
2pbk,B,137
2pbl,A,154
2pbp,A,147
2pbq,B,87
2pc1,A,93
2pc8,A,279
2pcj,B,122
2pcn,A,66
2pcu,A,202
2pd1,B,51
2pdr,B,74
2peb,B,50
2pef,A,227
2pet,A,134
2pey,B,100
2pf5,A,47
2pfe,B,100
2pfi,A,78
2pfx,A,99
2pfz,A,178
2pg0,B,225
2pge,A,179
2pgf,A,230
2pgo,A,377
2pgw,F,197
2pgz,A,146
2ph0,B,74
2ph3,A,108
2phn,A,127
2phx,B,128
2pi6,A,219
2pie,A,87
2pij,A,25
2piy,B,196
2pjs,B,60
2pjz,A,136
2pk3,A,180
2pk8,A,59
2pke,A,87
2pkf,A,215
2pkh,H,72
2pko,A,47
2pkt,A,65
2pky,X,178
2pl1,A,70
2pli,A,49
2plj,A,252
2pln,A,67
2plr,A,119
2plw,A,113
2pma,A,62
2pmb,C,141
2pmk,A,99
2pmq,A,221
2pmr,A,49
2pmu,D,22
2pn0,B,75
2pn6,A,90
2pn8,B,135
2pnd,A,85
2pne,A,28
2pnw,A,225
2pnx,A,37
2pny,A,153
2poc,A,201
2poi,A,43
2pok,B,256
2por,A,119
2pos,D,70
2poy,A,111
2ppp,A,51
2ppt,B,62
2pq7,A,87
2pq8,A,164
2pqm,B,182
2pqr,B,81
2pqr,D,23
2pqt,A,194
2pqv,A,109
2pqx,A,125
2pr5,A,97
2pr7,B,71
2prb,A,126
2prv,A,92
2prz,D,137
2ps2,A,198
2psd,A,220
2psp,B,47
2pst,X,43
2pt0,B,207
2ptt,B,75
2ptv,A,70
2ptz,A,210
2pu3,A,121
2pu9,A,56
2pu9,B,50
2pur,A,169
2pv2,A,57
2pve,B,33
2pvq,A,106
2pw0,A,239
2pwy,A,168
2pxx,A,144
2py4,A,94
2py5,A,303
2pyq,B,43
2pyt,A,69
2pyw,A,307
2pyx,A,341
2pz0,B,150
2pze,B,116
2pzh,B,84
2q03,A,44
2q0l,A,213
2q0t,C,159
2q0u,A,237
2q0y,A,88
2q12,A,87
2q16,B,94
2q1u,B,203
2q20,B,60
2q24,A,72
2q28,A,356
2q2a,D,158
2q2f,A,22
2q2g,A,103
2q2h,A,89
2q2v,B,140
2q30,E,42
2q35,A,153
2q3b,A,184
2q3g,A,54
2q3x,B,83
2q5c,A,100
2q5x,A,83
2q62,G,146
2q66,A,286
2q6k,A,156
2q73,C,55
2q79,A,36
2q7d,A,193
2q7w,A,193
2q86,A,88
2q86,B,123
2q87,A,53
2q88,A,128
2q8g,A,203
2q8k,A,204
2q8p,A,133
2q8r,G,52
2q8x,B,163
2q9k,A,81
2q9o,B,396
2q9u,A,290
2qa9,E,112
2qac,A,69
2qap,A,199
2qc5,A,169
2qck,A,46
2qcv,A,140
2qd6,A,58
2qde,F,208
2qdx,A,183
2qe8,A,232
2qe9,A,38
2qed,A,124
2qee,F,267
2qeu,C,73
2qf4,B,111
2qf9,A,89
2qfa,A,86
2qfa,B,42
2qfa,C,26
2qfe,A,92
2qff,A,38
2qfs,A,283
2qg1,A,48
2qg3,A,66
2qg6,A,117
2qgu,A,123
2qgy,B,250
2qh9,A,99
2qhk,A,75
2qhl,B,58
2qho,B,39
2qhp,A,154
2qhq,B,83
2qhs,A,146
2qia,A,167
2qib,A,138
2qif,A,34
2qih,B,79
2qik,A,175
2qim,A,79
2qip,A,111
2qiw,A,122
2qiy,B,79
2qjj,D,237
2qjv,B,67
2qjw,B,98
2qjx,A,65
2qk1,A,153
2qkf,C,133
2qkh,A,39
2qkp,C,85
2ql8,B,97
2qlt,A,153
2qlw,B,68
2qm0,B,124
2qm8,A,192
2qma,B,256
2qmc,A,213
2qmc,D,121
2qmj,A,524
2qml,A,105
2qmm,A,124
2qmo,A,149
2qmq,A,186
2qn0,A,270
2qng,A,99
2qnk,A,199
2qnl,A,100
2qnt,A,67
2qnw,A,48
2qo4,A,93
2qod,A,158
2qor,A,126
2qos,C,88
2qpn,B,156
2qpw,A,97
2qpx,A,232
2qq4,B,53
2qq5,A,75
2qqi,A,164
2qqj,A,184
2qr3,A,74
2qr6,A,141
2qrl,A,242
2qrr,B,40
2qru,A,164
2qrw,I,72
2qs9,A,125
2qsa,A,58
2qsb,A,35
2qsi,A,60
2qsk,A,53
2qsq,B,33
2qsw,A,41
2qsx,A,116
2qt7,B,50
2qt8,A,183
2qtd,A,54
2qtq,A,75
2qtz,A,257
2qub,I,399
2qud,A,63
2qul,C,176
2quy,H,239
2qv5,A,117
2qvb,A,208
2qvg,A,68
2qvk,A,86
2qvo,A,45
2qvu,B,160
2qw5,B,210
2qwl,A,249
2qwo,B,53
2qwu,A,113
2qx0,A,59
2qx2,A,92
2qx8,B,152
2qxf,A,274
2qxi,A,126
2qxy,B,51
2qy1,B,204
2qy9,A,160
2qyc,B,47
2qzc,A,130
2qzq,A,115
2qzt,B,58
2r01,A,115
2r0b,A,91
2r0c,A,141
2r0h,C,76
2r0x,A,88
2r0y,A,136
2r11,A,168
2r14,A,242
2r16,A,102
2r1b,B,121
2r1i,A,66
2r1j,R,43
2r2a,A,108
2r2c,B,66
2r2d,A,148
2r2y,A,67
2r2z,A,43
2r31,A,113
2r37,A,114
2r3b,B,160
2r47,A,87
2r48,A,49
2r4g,A,143
2r4i,D,83
2r4q,A,50
2r4v,A,106
2r5o,B,103
2r5t,A,103
2r5u,D,38
2r6j,B,192
2r6n,A,118
2r6o,B,127
2r6u,B,65
2r6v,A,106
2r6z,B,112
2r75,1,181
2r77,A,123
2r78,A,75
2r7h,A,33
2r80,C,92
2r84,B,176
2r8e,E,125
2r8o,A,448
2r8q,A,209
2r8w,B,174
2r99,A,123
2r9f,A,210
2ra2,C,31
2ra3,B,148
2ra4,A,36
2ra6,B,81
2ra9,A,97
2raf,C,122
2rau,A,187
2rb7,B,204
2rbb,A,72
2rbc,A,166
2rbd,A,90
2rbg,B,93
2rbk,A,161
2rc3,A,95
2rc8,B,177
2rcc,B,186
2rci,A,131
2rcq,A,104
2rcv,E,124
2rcz,B,45
2rdc,B,58
2rdh,C,123
2rdm,A,36
2rdq,A,175
2rdu,A,233
2rdz,A,285
2re2,A,67
2ree,A,104
2reg,A,164
2rek,A,51
2rem,B,64
2rer,A,54
2rff,A,71
2rfg,A,198
2rfi,B,158
2rfm,B,89
2rfq,B,245
2rfr,A,80
2rfv,A,210
2rgi,A,53
2rh0,B,58
2rh2,A,19
2rhf,A,51
2rhi,A,208
2rhk,C,12
2rhm,B,99
2ri0,B,150
2ri7,A,120
2ri9,A,313
2rij,A,205
2rik,A,190
2ril,A,44
2ris,A,133
2rji,A,55
2rjw,A,51
2rk3,A,102
2rk5,A,52
2rk9,B,68
2rkl,A,24
2rkq,A,110
2rkv,A,285
2rky,C,53
2rld,D,70
2tnf,B,80
2uur,A,98
2uuu,C,293
2uuy,B,32
2uvj,A,214
2uvk,A,178
2uvo,B,106
2uw1,A,199
2uxq,A,252
2uxw,A,351
2uxy,A,225
2uy2,A,178
2uyq,A,143
2uyt,A,304
2uyw,A,65
2uyz,A,103
2uyz,B,41
2uz0,A,168
2uz1,D,345
2uzc,C,56
2uzj,B,166
2v03,A,182
2v05,A,212
2v09,A,267
2v0c,A,510
2v0h,A,304
2v0p,A,67
2v0s,A,155
2v0u,A,96
2v1o,B,88
2v1q,A,40
2v1w,B,43
2v25,A,91
2v27,A,154
2v2f,F,199
2v2g,C,154
2v2k,B,74
2v2p,A,116
2v33,B,41
2v36,D,118
2v3f,B,337
2v3g,A,181
2v3s,A,64
2v40,A,242
2v4n,A,165
2v4v,A,90
2v4x,A,92
2v57,C,71
2v5i,A,387
2v5j,A,163
2v5z,A,349
2v62,A,100
2v6a,O,94
2v6h,A,65
2v6k,B,136
2v6u,A,67
2v6v,B,97
2v6x,A,56
2v6x,B,17
2v76,A,62
2v7b,A,265
2v7f,A,83
2v7k,A,185
2v7s,A,84
2v7w,C,160
2v84,A,157
2v87,B,50
2v8c,A,82
2v8i,A,298
2v8u,A,188
2v94,A,38
2v9m,A,161
2v9t,B,135
2v9v,A,73
2vac,A,87
2vag,A,179
2vap,A,149
2vba,D,256
2vbf,A,359
2vbk,A,326
2vc3,A,190
2vc8,A,32
2vch,A,308
2vck,D,155
2vd8,A,239
2vdx,A,204
2vec,A,79
2vef,A,163
2vep,A,133
2vfk,A,135
2vfq,A,368
2vfr,A,266
2vfx,C,126
2vg1,B,120
2vg3,C,174
2vgp,B,192
2vgp,D,14
2vgx,A,71
2vh3,A,65
2vha,B,169
2vi3,A,124
2vi8,A,266
2vid,A,117
2vif,A,77
2vig,A,173
2vj0,A,176
2vjp,B,266
2vjv,B,67
2vk2,A,205
2vk8,C,351
2vkj,A,63
2vkl,A,41
2vkp,B,59
2vkv,A,71
2vla,A,179
2vlf,B,282
2vlg,B,58
2vli,B,102
2vlu,A,58
2vm2,C,19
2vm5,A,67
2vmb,A,60
2vmc,A,188
2vmi,A,105
2vn6,A,112
2vn6,B,43
2vng,A,117
2vnk,C,168
2vnl,A,53
2vnz,X,163
2vo4,A,116
2vo8,A,83
2vo9,B,88
2voa,A,168
2voc,A,60
2vof,A,70
2vov,A,179
2voz,A,199
2vpa,A,118
2vpg,A,44
2vph,B,36
2vpj,A,122
2vpn,A,170
2vpt,A,137
2vq2,A,146
2vq4,A,69
2vq8,A,77
2vqg,D,40
2vqp,A,158
2vqq,B,221
2vqr,A,358
2vqx,A,211
2vre,A,95
2vri,A,98
2vro,B,312
2vrs,C,134
2vrw,B,231
2vs0,A,46
2vsm,A,265
2vsm,B,82
2vsv,A,59
2vtc,B,163
2vtf,B,414
2vu1,A,189
2vuj,A,124
2vun,B,227
2vuo,A,118
2vuv,A,71
2vuw,A,184
2vv6,D,66
2vve,A,158
2vvm,A,312
2vvp,B,100
2vvt,B,185
2vvw,A,82
2vw8,A,196
2vwf,A,41
2vwr,A,56
2vws,C,175
2vx5,A,261
2vxg,B,71
2vxk,A,100
2vxn,A,155
2vxq,A,37
2vxr,A,315
2vxt,H,117
2vxt,I,83
2vxt,L,134
2vxy,A,125
2vxz,A,94
2vy8,A,80
2vyo,A,131
2vyq,A,217
2vyw,A,101
2vyx,C,43
2vz5,A,42
2vzc,A,61
2vzm,A,221
2vzp,B,75
2w0i,A,64
2w0p,B,46
2w15,A,143
2w1j,B,127
2w1p,A,156
2w1r,A,70
2w1s,A,98
2w1v,A,189
2w1z,B,172
2w20,A,313
2w2b,B,127
2w2j,A,129
2w2k,A,243
2w2r,A,96
2w31,B,104
2w39,A,200
2w3g,A,87
2w3j,A,76
2w3p,B,373
2w3q,A,135
2w3v,A,90
2w3x,A,52
2w3z,A,170
2w40,A,313
2w43,A,126
2w47,A,89
2w4c,A,68
2w4f,A,47
2w4i,F,159
2w50,B,65
2w56,B,42
2w59,A,66
2w5a,A,136
2w5w,B,189
2w61,A,324
2w6a,B,32
2w70,A,312
2w79,B,136
2w7a,B,60
2w7n,A,38
2w7s,B,126
2w7w,B,124
2w7z,A,142
2w83,C,35
2w86,A,71
2w87,A,81
2w8x,A,42
2w91,A,449
2w9h,A,83
2w9k,B,66
2w9r,A,60
2w9y,A,81
2wa2,B,151
2waa,A,211
2wan,A,536
2wao,A,211
2was,C,22
2waw,A,91
2wb6,A,40
2wbf,X,133
2wbm,B,119
2wbp,A,173
2wbs,A,45
2wbw,A,143
2wc8,B,58
2wci,A,66
2wcj,A,82
2wco,A,367
2wcr,A,98
2wcu,A,67
2wcv,C,65
2wcw,B,51
2wdc,A,331
2wds,A,61
2wdu,B,120
2we2,A,145
2we5,C,147
2wee,B,96
2wei,A,188
2wel,A,189
2weu,A,328
2wf6,A,156
2wfc,C,93
2wfh,B,130
2wfj,A,118
2wfo,A,114
2wfw,B,67
2wfz,A,320
2wge,A,190
2wgp,B,108
2wgy,A,238
2wh7,A,105
2whg,B,116
2whl,A,187
2wi8,A,176
2wiy,A,279
2wj5,A,51
2wj9,B,93
2wje,A,158
2wji,B,42
2wjm,H,133
2wjn,C,169
2wjn,L,129
2wjn,M,161
2wjr,A,122
2wk0,A,168
2wk1,A,167
2wkk,C,101
2wkx,A,173
2wl1,A,93
2wl9,B,182
2wlr,A,279
2wlu,A,109
2wm3,A,186
2wm5,A,279
2wmf,A,430
2wmi,B,392
2wml,A,172
2wn3,C,199
2wn4,A,278
2wnh,A,236
2wnp,F,131
2wns,A,111
2wnv,A,79
2wnv,E,72
2wnv,F,89
2wnx,A,88
2wny,B,44
2wo1,A,84
2woe,C,173
2wol,A,383
2wot,A,198
2woy,A,230
2wp3,O,37
2wp7,A,76
2wpg,A,362
2wpq,C,64
2wpv,D,33
2wpv,E,173
2wq4,C,78
2wq9,A,107
2wqi,D,26
2wqk,A,112
2wra,A,68
2wry,A,96
2wsb,C,125
2wsd,A,350
2wsh,B,48
2wsi,A,149
2wso,A,138
2wt1,A,101
2wt4,A,188
2wta,A,122
2wte,B,87
2wtg,A,105
2wtm,C,174
2wto,A,53
2wu6,A,227
2wu9,A,228
2wue,A,140
2wuh,A,85
2wuk,A,41
2wuq,B,162
2wut,A,73
2wuu,A,241
2wux,A,108
2wvf,A,62
2wvv,A,272
2wvx,C,492
2ww2,B,475
2ww5,A,309
2wwe,A,83
2wwf,C,129
2wwk,T,63
2wwx,A,121
2wwx,B,142
2wxu,A,178
2wy3,A,67
2wy3,B,81
2wy4,A,90
2wy7,Q,39
2wy8,A,190
2wyc,A,99
2wye,B,284
2wyh,B,631
2wyk,A,193
2wyu,B,141
2wz1,A,119
2wz8,A,81
2wz9,A,70
2wzb,A,271
2wzi,B,326
2wzm,A,170
2wzw,B,115
2wzx,A,232
2x0k,A,210
2x0q,A,350
2x18,E,76
2x1b,A,55
2x1d,D,204
2x1p,C,72
2x1q,B,70
2x23,B,174
2x26,B,158
2x2o,A,78
2x32,A,111
2x3c,A,133
2x3e,B,163
2x3f,A,161
2x3g,A,69
2x3h,C,327
2x3m,A,95
2x3n,A,199
2x45,A,93
2x47,A,161
2x49,A,203
2x4j,A,47
2x4k,B,41
2x4l,A,183
2x55,A,98
2x5c,B,20
2x5f,B,230
2x5h,B,41
2x5p,A,56
2x5x,A,217
2x5y,A,122
2x61,A,129
2x6u,A,67
2x6w,A,397
2x7b,A,86
2x7k,A,100
2x7m,A,58
2x8h,A,406
2x8j,C,156
2x8r,A,128
2x8s,A,279
2x8x,X,125
2x96,A,164
2x98,B,252
2x9x,A,234
2xau,A,377
2xb1,C,50
2xb4,A,111
2xba,A,149
2xbk,A,177
2xbl,A,124
2xc2,A,63
2xc3,A,269
2xcb,A,57
2xce,F,71
2xcj,A,48
2xcz,A,71
2xda,A,83
2xde,A,77
2xdg,A,35
2xdj,F,30
2xdp,A,61
2xdw,A,513
2xed,A,140
2xeg,A,404
2xeh,A,44
2xet,B,67
2xeu,A,34
2xev,A,73
2xex,A,402
2xf2,A,453
2xf7,A,24
2xfe,A,73
2xfr,A,314
2xfv,A,61
2xgy,A,48
2xh2,C,232
2xhd,A,164
2xhi,A,185
2xhn,A,359
2xi9,B,148
2xij,A,358
2xio,A,187
2xiv,A,126
2xj3,A,45
2xjq,A,158
2xkg,A,63
2xkr,A,263
2xl8,A,55
2xla,A,154
2xlk,A,81
2xmj,A,37
2xmx,A,171
2xn4,A,141
2xn6,A,222
2xnq,A,52
2xoc,B,140
2xon,L,87
2xov,A,91
2xpp,A,92
2xq0,A,200
2xqo,A,136
2xqu,A,32
2xs4,A,114
2xst,A,74
2xsu,A,211
2xtp,A,132
2xtt,B,152
2xw9,A,134
2xwc,A,126
2xws,A,85
2xwt,C,151
2xxj,D,133
2xxl,B,216
2xxz,A,152
2xy2,A,71
2xz2,A,34
2xzi,A,272
2xzv,A,117
2y1q,A,63
2y27,B,276
2y3z,A,148
2y44,A,86
2y5s,B,119
2y69,A,299
2y7b,A,69
2y88,A,125
2y8k,A,318
2y8m,A,86
2yb1,A,159
2yqc,A,276
2yqu,B,293
2yqz,A,135
2yr5,B,474
2yrx,A,150
2ysk,A,83
2yv1,A,134
2yv5,A,159
2yv7,A,89
2yv9,B,104
2yva,B,99
2yve,A,111
2yvi,A,56
2yvo,A,125
2yvt,A,164
2ywd,A,101
2ywi,B,109
2ywj,A,110
2ywk,A,56
2ywl,A,95
2ywn,A,94
2ywo,A,108
2yxm,A,52
2yxn,A,183
2yxo,B,139
2yxw,A,265
2yxz,A,103
2yyh,C,27
2yyk,A,267
2yyv,B,97
2yz1,B,80
2yzc,D,164
2yzh,C,98
2yzk,B,80
2yzt,A,36
2yzu,A,42
2yzv,A,141
2yzy,A,88
2z0a,B,42
2z0e,A,115
2z0j,E,144
2z0m,A,183
2z0q,A,164
2z0t,C,63
2z0x,A,93
2z10,A,108
2z14,A,77
2z1a,A,286
2z1f,A,120
2z1n,A,136
2z1y,A,216
2z26,A,234
2z2f,A,85
2z2o,A,154
2z2y,A,203
2z38,A,168
2z3g,D,84
2z3v,A,76
2z48,A,286
2z4u,A,184
2z62,A,184
2z68,A,142
2z6i,A,169
2z6n,A,57
2z6o,A,99
2z6r,A,162
2z6w,A,101
2z72,A,204
2z7b,A,103
2z7f,E,139
2z7f,I,37
2z84,A,105
2z8a,A,96
2z8f,A,259
2z8l,A,122
2z8q,A,36
2z8u,B,54
2z8x,A,414
2z9b,A,132
2z9v,B,253
2za0,A,137
2zad,D,216
2zb7,A,212
2zbc,E,57
2zbl,A,296
2zbo,A,62
2zbt,B,136
2zbx,A,259
2zc8,A,191
2zca,A,83
2zcn,A,80
2zco,A,168
2zcw,A,85
2zd1,A,172
2zdh,A,172
2zdo,B,73
2zdr,A,214
2zed,A,227
2zex,A,110
2zez,B,68
2zf9,A,95
2zfd,A,136
2zfd,B,78
2zfg,A,192
2zfn,A,193
2zfy,A,128
2zfz,D,45
2zgd,A,44
2zgq,A,97
2zhj,A,190
2zhn,A,111
2zhz,C,98
2zib,A,83
2zjd,C,83
2zkg,A,121
2zkm,X,524
2zl6,B,204
2zm0,A,259
2zmu,A,116
2znd,A,121
2znr,A,130
2zo6,A,137
2zod,A,111
2zoo,A,261
2zos,A,116
2zou,B,87
2zpd,A,96
2zpm,A,45
2zpo,A,65
2zpu,A,169
2zqe,A,52
2zqm,A,61
2zqn,B,96
2zs0,A,86
2zs0,D,81
2zs1,B,65
2zs1,C,79
2zsc,B,60
2zsg,B,194
2zsh,B,22
2zsi,A,210
2zsj,D,135
2zu1,B,121
2zu2,A,145
2zut,C,493
2zux,B,395
2zuy,A,379
2zvp,X,211
2zw2,A,50
2zwa,B,327
2zwd,A,198
2zwj,A,107
2zwn,A,228
2zwu,A,214
2zx2,A,146
2zxj,B,37
2zxy,A,41
2zya,B,307
2zyh,B,292
2zyo,A,227
2zzd,C,158
2zzd,E,115
2zzd,J,84
2zzj,A,157
2zzs,O,44
2zzv,B,206
3a02,A,34
3a03,A,36
3a04,A,110
3a07,A,88
3a0u,A,78
3a0y,B,100
3a16,C,223
3a1c,A,67
3a1u,A,134
3a21,A,426
3a2q,A,172
3a2v,I,152
3a2z,A,104
3a39,A,30
3a3d,B,273
3a3v,A,265
3a40,X,199
3a4r,A,45
3a4u,A,155
3a4u,B,40
3a4w,B,217
3a55,A,180
3a57,A,114
3a5f,B,205
3a5p,D,70
3a5r,A,227
3a6r,B,73
3a6s,B,58
3a71,A,266
3a74,B,278
3a77,A,120
3a7i,A,141
3a7l,A,77
3a7n,A,130
3a8g,A,119
3a8g,B,128
3a8k,A,212
3a8u,X,293
3a9b,A,263
3a9f,A,58
3a9i,A,185
3a9l,B,125
3a9q,N,114
3a9s,B,351
3a9z,A,253
3aa0,A,159
3aa6,B,145
3aal,A,189
3aam,A,139
3aar,A,219
3aay,B,160
3ab6,A,67
3ab8,A,134
3aba,A,261
3abd,B,112
3abf,E,20
3acd,A,87
3aci,A,136
3act,B,568
3acz,C,241
3adg,A,47
3ado,A,189
3adr,A,138
3aey,A,164
3afm,A,144
3afv,A,310
3ag7,A,66
3agn,A,79
3agx,B,49
3ah2,A,222
3ahc,A,572
3ahn,A,376
3ahx,D,279
3ahy,A,307
3ahz,A,350
3ai3,C,156
3aia,A,148
3aii,A,212
3aj7,A,458
3ajd,A,171
3ajo,A,117
3ajx,C,115
3ak2,B,157
3ak8,H,115
3akb,A,95
3akh,A,316
3alf,A,260
3alu,A,106
3amn,B,164
3anp,C,77
3ans,B,159
3ap9,A,108
3apa,A,91
3aq2,B,119
3b2t,B,192
3b2y,A,72
3b34,A,567
3b3t,A,188
3b42,A,59
3b49,A,137
3b4n,A,198
3b4q,B,41
3b4u,B,196
3b4w,A,249
3b4y,B,176
3b51,X,399
3b5e,B,106
3b5g,B,63
3b5l,B,136
3b5m,B,110
3b5o,A,109
3b64,A,72
3b6e,A,101
3b6h,A,288
3b6i,A,107
3b6u,B,206
3b76,A,59
3b79,A,61
3b7c,A,60
3b7e,A,296
3b7l,A,117
3b7n,A,184
3b7o,A,175
3b7s,A,443
3b84,A,44
3b8b,A,136
3b8f,C,92
3b8i,E,155
3b8z,B,145
3b9c,C,84
3b9d,A,353
3b9q,A,180
3b9t,A,279
3b9y,A,215
3ba1,A,199
3ba3,A,88
3bal,B,92
3bb0,A,396
3bb7,A,190
3bb9,B,61
3bbb,D,95
3bby,A,123
3bc1,B,29
3bc1,E,121
3bc9,A,406
3bcb,A,280
3bcw,A,73
3bcy,A,107
3bd1,A,37
3bd2,A,76
3bde,A,68
3bdf,A,259
3bdi,A,115
3bdu,E,28
3bdv,A,105
3be4,A,125
3be6,C,182
3bec,A,208
3bed,B,65
3bei,A,17
3bem,A,110
3beo,A,259
3ber,A,140
3beu,B,129
3bex,A,167
3bf7,B,148
3bfk,B,113
3bfm,A,93
3bfo,B,41
3bfq,G,74
3bfv,A,175
3bg2,B,71
3bg8,A,145
3bge,A,83
3bgo,P,36
3bgu,B,48
3bgy,B,99
3bh4,A,279
3bh7,A,95
3bh7,B,178
3bhd,B,119
3bhg,A,217
3bhn,A,127
3bhq,A,106
3bhw,B,108
3bhy,A,172
3bio,A,180
3bit,A,245
3bix,A,299
3biy,A,173
3bj1,C,54
3bj1,D,79
3bjd,B,185
3bje,A,217
3bjk,B,69
3bjn,A,83
3bkj,H,152
3bkp,A,114
3bkr,A,89
3bkt,A,47
3bkw,B,105
3bkx,A,155
3bl6,A,126
3bld,A,210
3blz,B,76
3bm3,B,152
3bm7,A,56
3bmb,B,52
3bmw,A,527
3bmx,B,413
3bmz,B,110
3bn6,A,91
3bn7,A,66
3bnj,A,280
3bo5,A,157
3bo6,B,125
3bod,A,112
3boe,A,133
3bof,B,268
3bom,C,100
3bom,D,90
3bon,A,300
3bor,A,121
3bos,B,130
3bov,A,56
3bp1,B,147
3bp3,A,37
3bp5,A,68
3bpk,B,112
3bpt,A,235
3bpu,A,45
3bpv,A,66
3bpw,A,220
3bpz,D,138
3bq9,B,227
3bqp,B,42
3bqy,A,90
3br8,A,54
3brc,B,88
3bs1,A,82
3bs2,A,104
3bs3,A,37
3bs4,A,162
3bs6,A,152
3bs9,B,23
3bsn,A,244
3bsy,B,123
3bt5,A,76
3but,A,45
3buu,A,142
3buv,B,212
3bv6,D,219
3bv8,A,48
3bvk,F,123
3bwh,A,181
3bwl,B,74
3bws,B,250
3bwu,C,103
3bwu,D,51
3bwu,F,55
3bwv,B,98
3bwx,A,173
3bx4,A,82
3bx4,B,78
3bxe,B,155
3bxp,B,137
3by4,A,89
3by9,A,160
3byb,B,39
3byp,A,50
3byq,C,111
3bzh,A,54
3bzq,A,70
3bzw,A,153
3bzz,B,52
3c05,A,39
3c05,D,33
3c0f,B,58
3c0i,A,126
3c18,A,103
3c1d,A,63
3c1o,A,145
3c1v,B,63
3c24,B,134
3c2u,A,392
3c37,B,111
3c3j,F,242
3c3m,A,75
3c3p,C,75
3c3y,B,65
3c4b,A,137
3c4s,A,31
3c4z,A,168
3c58,A,185
3c5a,A,174
3c5c,C,103
3c5e,A,300
3c5j,A,107
3c5j,B,96
3c5k,A,69
3c5n,A,88
3c5y,L,91
3c61,D,191
3c65,A,75
3c68,B,401
3c6a,A,81
3c6c,A,172
3c6k,A,208
3c6v,B,91
3c6w,A,33
3c70,A,156
3c7f,A,322
3c7t,A,142
3c7x,A,111
3c85,C,57
3c8c,B,128
3c8e,A,192
3c8i,A,62
3c8l,B,58
3c8m,A,201
3c8o,A,91
3c8p,A,34
3c8u,A,97
3c8w,C,141
3c8x,A,58
3c8z,A,253
3c97,A,58
3c9a,B,134
3c9f,B,217
3c9h,B,177
3c9p,A,83
3c9q,A,135
3c9u,B,155
3c9x,A,206
3c9z,A,149
3ca7,A,31
3cai,A,228
3can,A,98
3cb0,D,107
3cb6,A,265
3cbl,A,85
3cbn,A,81
3cbq,A,99
3cbt,A,126
3cbw,B,241
3cbx,A,48
3cc6,A,145
3cc8,A,101
3ccd,B,54
3ccf,A,63
3ccg,A,95
3cck,A,72
3ccz,B,231
3ce1,A,91
3ce6,A,294
3ce7,A,66
3cec,A,42
3cet,B,170
3cfz,A,159
3cg1,A,186
3cg4,A,74
3cg6,A,45
3cgh,A,334
3cgi,C,57
3cgx,A,104
3ch0,A,180
3chk,A,187
3chm,A,89
3chv,A,148
3ci6,B,96
3ci7,A,30
3cij,A,181
3cim,C,45
3cin,A,162
3cit,B,77
3civ,A,190
3ciw,A,209
3cj1,A,262
3cj8,B,111
3cjd,A,92
3cje,A,73
3cjm,A,173
3cjn,A,75
3cjp,B,135
3cjs,A,38
3cjs,B,39
3cjy,A,134
3ck1,A,70
3ck6,B,124
3ckc,B,322
3ckf,A,150
3ckj,A,152
3ckk,A,119
3ckm,A,188
3cl5,A,245
3clm,A,225
3cls,C,145
3clv,A,112
3cm0,A,67
3cmb,D,154
3cmc,Q,174
3cmg,A,409
3cmj,A,305
3cn4,B,69
3cne,C,97
3cnh,A,73
3cnk,B,60
3cnr,B,32
3cnu,A,68
3cny,A,191
3co8,A,239
3cou,A,109
3cox,A,320
3cp0,A,31
3cp5,A,63
3cp7,B,134
3cpg,A,143
3cpq,B,50
3cps,B,198
3cpt,A,61
3cq0,A,214
3cq2,A,23
3cq5,B,226
3cqb,B,53
3cql,A,160
3cqt,A,37
3cqv,A,103
3crm,A,68
3crn,B,53
3cry,A,106
3css,A,182
3ct1,A,122
3ct6,A,69
3ctg,A,73
3ctk,A,172
3ctp,B,165
3ctz,A,385
3cu0,A,119
3cu2,B,128
3cu4,A,42
3cu9,A,205
3cui,A,230
3cux,A,278
3cv1,A,397
3cvb,A,69
3cve,A,40
3cvo,C,85
3cwr,B,90
3cwv,A,133
3cww,A,547
3cx5,E,49
3cx5,G,42
3cx5,O,109
3cxk,A,77
3cxm,A,157
3cxn,B,135
3cy4,A,101
3cyi,A,68
3cyp,B,73
3czf,B,70
3czt,X,57
3czx,B,118
3czz,B,74
3d01,D,91
3d03,B,179
3d06,A,108
3d0c,B,109
3d0f,A,56
3d0j,A,71
3d0k,A,150
3d0n,A,171
3d0o,A,188
3d1b,C,75
3d1g,A,153
3d1k,A,98
3d1p,A,63
3d1r,A,156
3d22,A,80
3d2l,B,91
3d2q,A,50
3d2w,A,52
3d30,A,85
3d32,A,77
3d33,B,55
3d34,A,118
3d3b,A,70
3d3r,A,32
3d3s,D,52
3d3y,A,168
3d3z,A,139
3d40,A,151
3d43,B,138
3d47,A,244
3d4e,A,93
3d4i,A,143
3d4u,A,189
3d59,A,187
3d5p,A,76
3d6i,B,75
3d6r,A,62
3d79,A,115
3d7a,B,59
3d7i,B,45
3d7j,D,77
3d85,C,39
3d8t,A,119
3d9n,B,95
3d9t,A,67
3d9x,C,64
3d9y,A,65
3da0,C,91
3da8,A,132
3dac,A,46
3dai,A,69
3dal,A,109
3dan,A,259
3dao,A,159
3daq,A,218
3das,A,182
3dau,A,100
3db7,A,80
3dbk,A,178
3dbo,B,62
3dc5,C,127
3dc8,B,316
3dcd,B,215
3dcn,A,110
3dcy,A,139
3dcz,A,99
3dd6,A,118
3dd7,C,68
3ddj,A,147
3ddl,B,51
3ddq,B,180
3dds,B,488
3def,A,125
3del,B,169
3deo,A,100
3dew,A,88
3df7,A,164
3df8,A,61
3dff,A,150
3dfg,A,80
3dfq,A,184
3dg3,A,217
3dgb,A,208
3dgp,A,41
3dgp,B,42
3dgt,A,187
3dha,A,154
3dhf,B,319
3dhi,B,206
3dhi,C,49
3dho,C,146
3dhp,A,351
3di4,B,181
3die,A,53
3dj9,A,59
3dje,B,273
3djl,A,307
3djo,A,85
3dk9,A,274
3dkc,A,195
3dkm,A,51
3dkr,A,160
3dl0,A,141
3dlc,A,139
3dlm,A,125
3dlq,I,65
3dlq,R,91
3dlv,A,32
3dm8,A,77
3dmc,A,88
3dme,B,197
3dmg,A,229
3dmi,A,54
3dmo,A,83
3dms,A,255
3dn7,B,77
3dnf,B,114
3dnh,B,36
3dnj,A,59
3dnp,A,141
3dnu,A,220
3do8,A,81
3dou,A,95
3dpg,B,137
3dpk,A,85
3dqg,A,86
3dqp,A,151
3dqy,A,68
3dr0,C,47
3dr4,B,137
3dr6,B,101
3dra,A,213
3dra,B,224
3drw,B,224
3drz,B,42
3ds4,B,54
3ds8,A,167
3dsb,B,107
3dsk,A,315
3dso,A,31
3dt5,A,25
3dt9,A,130
3dtb,A,393
3dtt,A,128
3dtz,C,129
3dup,A,160
3dur,B,72
3duw,A,117
3dv9,A,131
3dvw,A,133
3dwg,A,196
3dwg,C,51
3dwv,B,91
3dxl,A,204
3dxs,X,38
3dxt,A,200
3dxz,A,128
3dy0,A,156
3dyj,A,155
3dz1,A,159
3dz4,B,46
3dza,A,102
3dzw,A,68
3dzz,A,215
3e02,A,110
3e03,A,157
3e04,D,233
3e05,B,65
3e0e,A,48
3e0h,A,57
3e0i,A,174
3e0x,A,171
3e0z,A,64
3e11,B,72
3e13,X,227
3e17,B,48
3e18,B,151
3e23,A,108
3e2d,A,341
3e2v,B,255
3e39,B,111
3e3m,D,191
3e3u,A,122
3e48,A,146
3e49,A,134
3e4g,A,116
3e4v,A,118
3e4w,B,142
3e55,A,107
3e57,A,90
3e58,A,143
3e5h,A,103
3e5u,A,107
3e6j,A,149
3e6q,G,71
3e6s,F,89
3e6z,X,48
3e7d,A,100
3e7h,A,67
3e7r,L,23
3e8m,B,80
3e8o,B,67
3e8t,A,127
3e96,B,188
3e97,A,105
3e99,A,73
3e9a,A,157
3e9f,A,60
3e9k,A,291
3e9t,B,72
3e9v,A,68
3ea3,B,186
3ea6,A,99
3eau,A,164
3eaz,A,74
3ebb,B,145
3ebh,A,594
3ebl,A,179
3ebt,A,85
3ebv,A,191
3eby,A,83
3ec0,B,63
3ec3,B,119
3ec4,B,109
3ec6,A,71
3ec9,B,71
3ecd,A,234
3ecf,B,72
3ech,A,80
3ed4,B,242
3ed5,A,112
3ed7,A,115
3edf,A,393
3edg,A,134
3edn,A,183
3edo,B,104
3eds,A,80
3edv,A,189
3ee4,A,173
3eea,B,89
3eeh,A,56
3ees,A,32
3eet,A,66
3ef2,B,204
3ef4,A,70
3ef6,A,192
3ef8,A,95
3efy,A,113
3eg4,A,153
3ega,A,138
3egg,A,180
3egg,D,34
3ego,B,108
3egw,C,117
3eh1,A,400
3ehe,B,123
3ehg,A,75
3ehw,B,85
3ei9,B,296
3eif,A,481
3ein,A,140
3eix,A,189
3eiz,A,105
3ej9,B,33
3ej9,C,36
3eja,A,145
3ejf,A,124
3ejg,A,114
3ejk,A,84
3ejn,A,272
3eju,A,739
3ejv,A,89
3ek2,A,160
3ek3,A,109
3ekg,A,235
3eki,A,223
3eko,B,142
3elf,A,183
3elg,B,63
3elj,A,208
3elk,A,39
3els,A,75
3elw,A,157
3elx,A,72
3em1,A,96
3emi,A,70
3emr,A,143
3emw,A,108
3en0,C,161
3en8,A,73
3enk,B,131
3enu,A,70
3eo7,A,274
3eo8,F,158
3eof,A,130
3eoi,A,73
3eoj,A,187
3epr,A,191
3epv,B,49
3epx,A,219
3eqn,B,494
3eqx,A,214
3er6,A,86
3era,B,33
3erb,A,117
3erj,A,56
3erp,B,164
3erx,B,79
3es1,A,106
3es4,A,66
3esg,B,107
3esl,B,123
3esm,A,70
3ess,A,142
3etf,C,262
3etn,A,114
3etv,A,186
3eu9,C,101
3eua,D,203
3euf,D,153
3eul,A,65
3eun,A,45
3eup,B,115
3eur,A,76
3evf,A,141
3evk,D,64
3ew0,A,54
3ew1,D,84
3ew8,A,185
3ewh,A,213
3ewi,A,59
3ewj,A,145
3ewn,A,122
3ewy,A,163
3exe,D,225
3exn,A,89
3exr,A,152
3ey6,A,81
3ey8,B,70
3eye,A,109
3eyg,A,152
3eyi,A,44
3eyt,D,86
3ezi,B,48
3f09,A,41
3f0d,F,72
3f0h,A,216
3f0i,A,82
3f0n,B,179
3f0y,C,149
3f1l,A,125
3f1p,A,65
3f1p,B,57
3f2e,A,42
3f2k,A,125
3f2u,A,24
3f2z,A,107
3f3e,A,165
3f3k,B,198
3f3q,A,66
3f3x,A,61
3f3z,A,157
3f40,A,55
3f42,B,35
3f43,A,69
3f44,A,120
3f47,A,171
3f4m,A,65
3f4s,A,101
3f52,A,42
3f5h,B,20
3f5l,B,341
3f5o,G,66
3f5v,B,138
3f67,A,130
3f6c,B,71
3f6d,B,126
3f6o,A,56
3f6q,A,115
3f6q,B,47
3f6v,A,58
3f6w,C,27
3f6y,A,166
3f74,B,128
3f75,A,129
3f75,P,47
3f7e,A,81
3f7l,A,95
3f7q,A,112
3f7w,A,133
3f7x,A,69
3f8d,B,181
3f8k,A,61
3f8m,B,109
3f8t,A,224
3f8x,D,79
3f95,B,96
3f9b,A,196
3f9r,A,140
3f9s,B,80
3faj,A,49
3fan,A,100
3fau,A,41
3fb9,A,54
3fbg,A,217
3fbl,A,49
3fbu,B,96
3fc0,B,58
3fcd,B,56
3fcp,D,135
3fcx,B,177
3fd3,A,112
3fd7,B,77
3fde,B,131
3fdh,A,266
3fdj,A,155
3fdl,A,98
3fdq,A,70
3fdr,A,55
3fdx,A,72
3fe0,A,88
3fe4,B,138
3fe7,A,60
3fed,A,432
3fes,A,71
3fev,A,43
3ff0,B,74
3ff1,B,306
3ff2,A,49
3ff5,B,35
3ff7,C,68
3ff9,B,55
3ffr,A,218
3fg0,F,308
3fg1,D,386
3fg8,A,55
3fg9,E,106
3fgd,A,208
3fge,A,99
3fgr,A,99
3fgv,A,54
3fgy,B,70
3fh1,A,58
3fh2,A,85
3fh9,A,107
3fhd,A,258
3fhf,A,109
3fhg,A,78
3fhl,C,120
3fhw,B,49
3fi9,B,169
3fia,A,58
3fid,A,186
3fil,B,36
3fiq,A,102
3fiu,D,138
3fj1,A,202
3fj2,A,98
3fjs,C,50
3fju,B,54
3fjv,A,97
3fk8,A,77
3fka,A,67
3fkb,E,98
3fkc,A,64
3fkr,B,159
3fl2,A,59
3flb,A,104
3flg,A,80
3flv,A,50
3fm0,A,212
3fm2,A,74
3fmb,B,58
3fmc,A,222
3fmk,A,238
3fmu,A,225
3fmy,A,36
3fn2,B,36
3fn5,A,101
3fnc,A,97
3fo3,A,383
3fo8,D,151
3fob,B,171
3foj,A,58
3fot,A,321
3fp2,A,170
3fp5,A,67
3fpc,A,224
3fpf,A,177
3fpk,B,148
3fpq,B,147
3fpr,D,40
3fpu,B,35
3fpw,A,76
3fpz,B,193
3fq3,C,118
3fq4,A,68
3fqm,A,58
3fr7,A,299
3frh,A,154
3frq,A,112
3frr,A,94
3fs2,B,120
3fs5,A,77
3fs7,A,57
3fsd,A,59
3fss,A,129
3fsy,A,129
3ft1,C,59
3ftd,A,132
3ftt,A,125
3fu1,A,72
3fuc,C,147
3fut,A,157
3fv3,G,229
3fv5,A,97
3fv9,G,223
3fvb,B,110
3fvh,A,151
3fvt,B,165
3fvu,B,298
3fvy,A,469
3fw2,B,82
3fw3,A,168
3fwa,A,309
3fwh,A,190
3fwy,A,172
3fwz,B,80
3fx4,A,193
3fx7,A,58
3fxg,F,230
3fxh,A,41
3fxq,A,171
3fxz,A,162
3fy1,B,245
3fy3,A,43
3fyb,A,58
3fym,A,56
3fyn,A,75
3fyq,A,74
3fz4,A,66
3fza,A,80
3fze,A,74
3fzy,B,46
3g00,A,174
3g02,B,252
3g08,A,159
3g0e,A,229
3g0k,A,85
3g0m,A,70
3g0o,A,147
3g0t,B,304
3g14,A,102
3g15,A,208
3g16,A,102
3g1j,B,44
3g1l,A,112
3g1v,A,133
3g1z,A,174
3g20,B,81
3g23,A,162
3g25,A,282
3g26,A,50
3g2b,A,52
3g2s,B,84
3g36,C,34
3g39,A,102
3g3s,B,110
3g3t,A,148
3g48,A,74
3g51,A,143
3g5j,B,86
3g5p,D,119
3g5r,A,225
3g5t,A,202
3g5w,C,214
3g63,A,161
3g66,A,108
3g68,A,232
3g6k,F,212
3g6m,A,256
3g7d,A,208
3g7g,E,72
3g7n,B,166
3g7r,B,110
3g7u,A,137
3g7w,A,246
3g85,A,134
3g89,B,121
3g8h,A,87
3g8y,A,232
3g8z,A,69
3g98,B,43
3g9a,B,77
3g9k,L,138
3g9m,B,24
3ga3,A,90
3ga4,A,78
3ga7,A,156
3gad,F,83
3gag,B,124
3gah,A,120
3gas,E,136
3gax,B,61
3gay,B,128
3gaz,B,157
3gba,D,173
3gbe,A,355
3gbs,A,104
3gbw,A,102
3gbz,A,121
3gc6,A,141
3gcz,A,162
3gd6,A,168
3gd8,A,121
3gdc,A,190
3gdl,B,154
3gdp,B,333
3ge3,A,322
3ge3,E,61
3ge6,A,123
3ged,A,114
3gef,A,67
3gem,C,127
3geu,D,59
3gf3,A,367
3gf6,B,144
3gfa,A,111
3gfu,A,85
3gfv,A,131
3gg2,D,200
3gg7,A,161
3gg9,B,83
3ggw,B,133
3ggw,C,174
3gh5,A,360
3gh6,A,148
3gha,A,91
3ghd,A,40
3ghj,A,56
3gi7,B,44
3gip,A,269
3gir,A,207
3giu,A,131
3giw,A,164
3gj0,B,116
3gju,A,294
3gjy,A,167
3gk6,A,45
3gk7,B,296
3gkb,C,163
3gkj,A,136
3gkm,A,90
3gkr,A,232
3gkt,A,74
3gkv,B,83
3gl0,A,159
3gl1,B,234
3gl9,C,77
3glr,A,144
3glv,B,62
3gmf,A,85
3gmg,A,83
3gmi,A,203
3gms,A,187
3gmv,X,93
3gmx,B,94
3gn6,B,167
3gne,A,145
3gnl,B,150
3gnr,A,321
3gnz,P,120
3go2,A,264
3go5,A,182
3go6,A,156
3go9,A,302
3goa,B,214
3goc,B,117
3goe,A,51
3goh,A,144
3gon,A,180
3gox,B,125
3gp3,D,145
3gp4,B,77
3gp7,A,156
3gpg,B,102
3gpi,A,159
3gpk,B,55
3gpu,A,158
3gqh,A,73
3gqj,A,152
3gqq,A,90
3gqv,A,202
3gr3,B,141
3grd,B,72
3grh,A,253
3grn,A,57
3gs2,A,58
3gs9,A,180
3gsh,A,51
3gt2,A,58
3gt5,A,259
3gt9,B,52
3gue,A,267
3gux,B,144
3guy,B,108
3gv6,A,33
3gve,A,214
3gvg,B,158
3gvl,A,464
3gvo,A,209
3gw9,C,245
3gwa,A,209
3gwb,A,152
3gwc,D,140
3gwh,B,49
3gwi,A,118
3gwk,E,64
3gwm,A,37
3gwn,A,72
3gwo,A,24
3gwz,A,191
3gx8,A,56
3gxb,A,83
3gxh,B,83
3gxr,B,109
3gy1,A,254
3gy9,A,85
3gyb,A,158
3gyc,B,217
3gyd,B,90
3gyk,B,100
3gyl,B,159
3gza,A,287
3gzb,A,100
3gzg,A,122
3gzh,A,271
3gzk,A,322
3gzr,B,92
3gzx,A,287
3gzx,B,127
3h04,A,168
3h05,A,103
3h08,A,71
3h09,B,608
3h0n,A,120
3h0o,A,155
3h0u,C,176
3h11,A,76
3h12,B,251
3h14,A,183
3h1d,A,165
3h1g,A,92
3h1n,A,137
3h1s,B,140
3h1w,A,238
3h2d,B,70
3h2g,A,217
3h2s,B,120
3h2z,A,211
3h34,A,40
3h36,A,33
3h3h,B,57
3h3n,X,156
3h41,A,201
3h49,B,131
3h4i,A,245
3h4n,A,33
3h4o,A,125
3h4x,A,187
3h50,A,71
3h51,B,71
3h55,B,236
3h5i,A,41
3h5j,B,91
3h5l,B,272
3h5n,D,193
3h5q,A,249
3h62,B,221
3h6p,B,36
3h6p,C,30
3h6x,C,69
3h70,A,195
3h74,A,184
3h78,A,182
3h7a,A,99
3h7c,X,230
3h7f,B,288
3h7h,A,75
3h7h,B,71
3h7i,A,194
3h7o,B,126
3h7r,A,198
3h7u,A,216
3h81,C,150
3h87,D,36
3h8g,C,263
3h8u,B,58
3h8x,A,103
3h8z,A,46
3h91,A,32
3h93,A,93
3h95,A,88
3h9c,A,378
3h9e,O,223
3h9m,A,265
3h9u,C,279
3h9w,A,48
3ha2,A,106
3ha9,A,95
3hap,A,133
3hbd,A,118
3hbg,A,204
3hbn,A,200
3hbv,P,224
3hbw,B,62
3hc1,A,121
3hc3,L,146
3hcj,A,102
3hcn,B,182
3hcz,A,88
3hd4,A,57
3hdc,A,99
3hdf,B,60
3hdj,B,168
3hdl,A,156
3hdo,B,197
3hdx,A,316
3he5,C,14
3he5,D,16
3he8,B,90
3hef,B,56
3hfo,A,45
3hfq,A,213
3hft,A,108
3hfw,A,215
3hg3,B,249
3hgb,A,75
3hgl,A,37
3hgm,A,55
3hgu,A,122
3hh1,A,59
3hh7,A,47
3hh8,A,170
3hhi,B,189
3hhp,D,172
3hhs,A,463
3hhs,B,447
3hht,A,156
3hht,B,159
3hi7,B,505
3hid,A,260
3his,A,174
3hj4,B,248
3hjb,A,334
3hje,A,489
3hjr,A,375
3hjs,A,136
3hjv,B,152
3hjz,A,216
3hk1,A,94
3hk4,C,38
3hko,A,169
3hkw,A,360
3hl0,B,167
3hl5,B,57
3hlx,A,164
3hlz,B,171
3hm4,B,93
3hmc,A,118
3hms,A,39
3hmz,A,123
3hn0,A,141
3hn3,B,426
3hn5,B,133
3hn7,A,276
3hnb,M,88
3hnt,H,142
3hnx,A,68
3ho6,A,136
3hog,A,52
3hoi,A,92
3hol,A,287
3hp4,A,114
3hp7,A,162
3hpc,X,87
3hpw,A,65
3hq1,B,361
3hq9,B,190
3hqc,A,65
3hqx,A,76
3hr0,A,159
3hr7,A,89
3hra,A,127
3hrl,A,60
3hrp,A,245
3hrq,B,151
3hrv,A,66
3hrx,A,125
3hs3,A,165
3hsa,A,65
3hsh,A,32
3hsr,D,61
3hss,B,161
3hsv,A,87
3ht1,A,94
3ht5,A,208
3htl,X,255
3htn,C,86
3htv,A,92
3htw,A,125
3hty,O,31
3hu5,A,117
3huh,A,72
3huu,B,110
3hv2,B,84
3hvi,A,139
3hvu,C,93
3hvv,A,94
3hvw,A,81
3hwu,A,82
3hx3,A,121
3hx8,D,70
3hx9,A,50
3hxa,F,49
3hxd,A,72
3hxf,B,176
3hxi,A,126
3hxl,A,168
3hxs,B,30
3hxt,A,103
3hxw,A,255
3hyn,A,123
3hyq,A,64
3hz2,A,49
3hz6,A,293
3hzb,E,53
3hzp,A,57
3i06,A,132
3i0w,A,183
3i0y,A,75
3i0z,B,252
3i10,A,182
3i11,A,130
3i1a,A,159
3i1j,A,150
3i1u,A,218
3i24,A,88
3i26,D,291
3i2v,A,82
3i2z,A,44
3i31,A,19
3i33,A,249
3i35,A,36
3i36,A,154
3i3f,B,85
3i3g,A,70
3i45,A,245
3i47,A,186
3i48,B,159
3i4g,A,343
3i4j,D,151
3i4o,B,36
3i4q,A,99
3i4s,A,81
3i4z,B,91
3i57,B,109
3i5c,B,42
3i5r,A,47
3i5x,A,324
3i6c,A,74
3i6i,A,180
3i6t,B,228
3i6y,A,157
3i7m,A,82
3i7u,B,60
3i83,B,120
3i8s,C,126
3i95,A,149
3i96,A,67
3ia1,B,80
3ia2,F,172
3ia4,D,103
3ia7,B,160
3ia8,B,84
3ian,A,208
3iar,A,246
3iav,A,239
3ib0,A,209
3ib5,A,194
3ib7,A,200
3ibo,A,77
3ibw,A,41
3ibz,A,94
3ic3,B,53
3ic4,A,57
3icc,B,152
3ich,A,126
3ics,A,148
3id1,A,41
3id7,A,242
3ida,A,377
3idu,A,50
3idw,A,37
3ie4,A,59
3ie5,A,80
3ie7,A,141
3iee,A,144
3iei,C,190
3iev,A,162
3ife,A,243
3ig9,C,26
3igh,X,106
3igs,A,130
3igx,B,188
3igz,B,322
3ihs,A,46
3iht,A,107
3ihu,A,105
3ihv,A,384
3ihw,A,96
3ihz,B,81
3ii7,A,182
3ii9,A,222
3iib,A,263
3iii,A,396
3iij,A,118
3iiu,M,81
3ij3,A,265
3ijl,A,217
3ijw,A,136
3ik7,D,84
3ikb,B,132
3ikw,A,222
3il9,B,190
3ilo,A,84
3ils,A,148
3ilw,A,256
3im1,A,171
3im6,A,77
3im9,A,207
3imf,B,116
3imh,A,232
3imk,A,97
3imo,B,25
3ing,A,164
3io3,A,119
3iof,A,146
3ioh,A,193
3ioq,A,121
3iox,A,271
3ip4,A,266
3ip8,A,145
3ipc,A,210
3ipf,A,21
3ipi,A,107
3ipw,A,179
3iq0,A,135
3iq1,D,101
3iq2,B,94
3iqi,X,197
3iql,A,40
3iqt,A,89
3ir3,B,45
3ir4,A,141
3ir8,A,143
3irb,A,70
3irp,X,308
3irv,A,143
3is6,A,142
3isa,B,121
3isg,A,140
3iso,A,148
3isq,A,265
3isr,A,175
3ist,B,148
3isu,A,47
3isx,A,188
3it3,B,207
3it4,B,136
3it4,C,108
3itd,A,165
3itf,B,78
3itq,A,132
3iu0,A,197
3iu1,A,262
3iu4,H,117
3iu5,A,77
3iu6,A,100
3iu7,A,204
3iug,B,113
3iuj,A,316
3iuk,A,349
3iuo,B,72
3iup,A,204
3ius,B,133
3iuw,A,36
3iux,A,61
3iuz,A,190
3iv0,A,262
3iv4,A,48
3ive,A,328
3iwd,A,28
3iwf,B,65
3iwl,A,39
3iwv,B,66
3ix3,B,92
3ixc,A,94
3ixq,D,120
3ixr,A,100
3jpz,B,138
3jq0,A,331
3jq1,B,330
3jqd,A,134
3jqj,C,50
3jql,A,81
3jqu,A,55
3jqy,C,126
3jr0,B,128
3jr2,C,138
3jrr,B,101
3jrv,A,92
3js4,B,137
3js5,A,115
3js8,A,324
3jsc,A,63
3jsl,B,205
3jsr,A,52
3jsy,B,107
3jsz,A,329
3jte,A,34
3jtx,B,268
3jtz,A,52
3ju2,A,57
3ju3,A,63
3ju5,D,217
3ju8,B,141
3jub,A,106
3jun,A,77
3juu,A,178
3jva,F,182
3jve,A,65
3jvm,A,74
3jwg,A,87
3jx9,B,80
3jxg,B,136
3jxo,A,48
3jxs,A,110
3jxy,A,171
3jyg,A,106
3jzl,A,221
3jzy,A,66
3k01,A,252
3k0b,A,248
3k0z,A,88
3k11,A,258
3k12,F,77
3k1h,A,71
3k1t,A,268
3k1u,A,201
3k1w,B,171
3k1z,A,152
3k21,A,80
3k26,A,250
3k2a,A,40
3k2c,B,109
3k2o,A,169
3k2v,B,68
3k2w,E,121
3k2z,A,125
3k31,A,157
3k3c,D,61
3k3k,A,43
3k3t,A,85
3k3v,A,55
3k40,B,233
3k4i,A,124
3k4w,H,150
3k59,A,403
3k5j,A,127
3k62,A,206
3k69,A,90
3k6f,A,69
3k6g,C,34
3k6i,A,65
3k6m,A,308
3k6q,B,80
3k6v,A,202
3k6y,A,148
3k7f,B,332
3k7p,B,94
3k89,A,174
3k8d,A,114
3k8g,A,127
3k8u,A,78
3k8w,A,176
3k9o,A,128
3k9r,B,33
3k9w,A,102
3ka4,A,118
3ka5,A,26
3ka7,A,242
3kao,A,210
3kax,A,201
3kbb,A,111
3kbf,A,90
3kbg,A,96
3kbr,A,76
3kby,A,105
3kc2,B,221
3kcc,A,79
3kcg,H,128
3kci,A,209
3kcp,A,133
3kd3,A,155
3kd6,B,136
3kda,A,199
3kde,C,38
3kdf,A,43
3kdf,D,36
3kdw,A,127
3ke4,A,88
3ke7,B,78
3keb,B,118
3kef,B,145
3keo,B,132
3kep,B,77
3kev,A,49
3kez,B,290
3kfa,A,207
3kfi,A,87
3kfo,A,115
3kfq,C,44
3kg0,C,63
3kg4,A,69
3kg9,B,143
3kgd,B,142
3kgk,A,56
3kgr,A,60
3kgw,B,245
3kgy,B,122
3kgz,B,85
3kh1,A,120
3kh7,A,105
3khe,A,92
3khf,B,65
3khi,A,105
3khy,A,166
3ki8,A,171
3kij,C,107
3kiz,A,233
3kjd,B,229
3kjj,G,63
3kjq,A,109
3kjy,A,66
3kk4,B,76
3kkb,A,59
3kkf,A,67
3kkg,A,90
3kki,A,235
3kkq,A,138
3kky,A,96
3kkz,A,136
3kl0,B,282
3kl6,B,36
3klb,A,85
3klk,A,554
3klq,A,48
3klr,A,50
3km5,B,120
3kmi,A,74
3kmt,C,67
3kmu,A,156
3kmv,D,94
3knv,A,39
3ko8,A,147
3kog,A,123
3kol,A,79
3kom,A,397
3kop,D,97
3kor,D,67
3kos,A,115
3kp8,A,56
3kpb,D,69
3kpe,A,28
3kq0,A,83
3kqf,D,137
3kqi,A,47
3kqr,A,139
3krb,A,231
3kre,A,175
3krr,A,186
3krs,A,177
3kru,A,239
3ks6,B,145
3ks9,A,218
3ksh,A,91
3ksm,B,164
3kst,B,196
3ksv,A,73
3ksx,A,125
3kt7,A,367
3kt9,A,64
3kta,B,89
3kta,C,83
3ktc,B,188
3kto,B,48
3ktz,A,136
3ku3,B,78
3kus,B,46
3kuu,C,99
3kuv,A,79
3kv0,A,69
3kv1,A,84
3kvc,A,297
3kvh,A,118
3kwe,A,92
3kwk,A,102
3kwl,A,340
3kwo,C,73
3kwr,A,50
3kws,A,171
3kwu,A,77
3kxq,B,154
3kxt,A,18
3kxw,A,333
3kya,A,311
3kyj,A,68
3kyj,B,52
3kyz,A,66
3kz5,A,28
3kz7,A,57
3kzd,A,53
3kzj,A,74
3kzn,A,192
3kzu,B,255
3kzx,A,139
3l00,A,90
3l07,B,177
3l0l,B,156
3l0q,B,307
3l12,A,174
3l18,A,124
3l1e,A,65
3l1n,A,89
3l1v,B,53
3l1w,F,145
3l23,A,154
3l29,A,76
3l2c,A,55
3l2h,D,104
3l32,A,33
3l39,A,138
3l3b,A,119
3l3f,X,201
3l3u,A,78
3l41,A,153
3l46,A,65
3l4a,A,75
3l4e,A,93
3l4h,A,63
3l4n,A,69
3l4p,A,536
3l4r,A,104
3l51,A,87
3l51,B,78
3l52,A,163
3l55,B,206
3l5a,A,234
3l5e,B,265
3l5i,A,133
3l5l,A,216
3l6b,A,205
3l6d,B,125
3l6g,A,150
3l6n,A,134
3l6t,A,53
3l77,A,139
3l7h,B,42
3l7o,A,136
3l7t,B,53
3l7x,A,80
3l80,A,98
3l81,A,122
3l84,A,424
3l8a,B,253
3l8d,A,92
3l8h,B,115
3l9a,X,47
3l9c,B,126
3l9f,D,100
3l9q,A,94
3l9s,A,123
3l9u,A,125
3l9w,B,157
3l9y,B,74
3la7,B,57
3laa,A,101
3lab,A,101
3lae,A,32
3lag,A,62
3las,B,117
3lat,A,129
3lb2,A,53
3lb5,A,82
3lbe,D,78
3lbl,A,59
3lbm,B,194
3lc0,A,201
3lcc,A,143
3lcm,A,109
3ld3,A,114
3ld7,B,53
3ldc,A,53
3ldg,A,174
3ldu,A,143
3ldv,B,127
3le0,A,88
3le3,A,58
3le4,A,34
3lec,A,141
3led,A,232
3leq,A,43
3let,A,119
3lew,A,310
3lez,A,144
3lf3,A,125
3lf5,B,53
3lfh,F,39
3lfj,B,101
3lfk,C,60
3lfr,A,77
3lft,A,179
3lg3,A,233
3lg5,A,213
3lgb,B,115
3lgi,A,122
3lgn,A,75
3lh4,A,66
3lhe,A,63
3lhi,A,127
3lhn,A,65
3lho,A,146
3lhq,A,124
3lhr,B,53
3lhx,B,148
3li5,A,181
3li9,A,159
3lid,B,170
3lij,A,108
3liy,A,47
3ljq,A,163
3lju,X,247
3ljw,B,81
3lk5,A,135
3lk7,A,279
3lke,A,111
3lkm,A,154
3lkt,B,124
3lkt,Q,170
3ll5,B,107
3ll7,A,220
3llb,A,53
3llo,A,81
3llp,B,280
3llu,A,119
3llv,A,77
3lm2,B,112
3lm3,A,265
3lm4,D,174
3lm7,B,177
3lma,B,128
3lmd,A,105
3lmp,A,126
3lmz,A,153
3ln3,A,199
3lnc,B,87
3lny,A,39
3lo8,A,168
3log,C,187
3lop,A,201
3lot,C,192
3lou,C,155
3lp6,C,87
3lpc,A,217
3lpe,B,20
3lpw,B,125
3lpz,A,149
3lq3,A,230
3lq4,B,305
3lqb,A,136
3lqs,A,186
3lqw,A,76
3lqx,A,22
3lr2,A,58
3lr4,A,63
3lrt,A,169
3lru,B,75
3ls0,A,63
3ls6,A,126
3ls9,A,291
3lsn,A,143
3lss,A,102
3lsu,B,121
3lsz,D,102
3lt6,F,33
3ltj,A,77
3luc,A,87
3luf,B,138
3lui,B,71
3lul,A,168
3lum,D,191
3lur,B,93
3lus,B,69
3luu,A,42
3lv0,A,113
3lv8,A,105
3lvf,P,128
3lvu,D,131
3lvz,A,169
3lw0,B,185
3lw6,A,137
3lwa,A,88
3lwc,A,40
3lwd,A,125
3lwg,B,81
3lwk,A,98
3lwx,A,106
3lwz,A,71
3lx3,A,99
3lx4,B,196
3lx5,A,170
3lxl,A,183
3lxp,A,181
3lxq,B,208
3lxr,A,128
3lxr,F,126
3lxs,A,155
3lxy,A,182
3lxz,A,141
3ly0,B,220
3ly1,C,221
3ly7,A,216
3lyd,A,86
3lyf,D,123
3lyg,A,78
3lyh,A,57
3lyl,B,97
3lyp,B,126
3lyy,A,55
3lz5,A,205
3lza,B,90
3lzk,C,59
3lzo,B,66
3lzw,A,186
3m07,A,327
3m0f,A,124
3m0j,A,160
3m0m,B,272
3m0s,A,29
3m19,A,142
3m1h,B,114
3m1t,A,127
3m1u,A,247
3m21,D,22
3m2o,A,80
3m2r,D,360
3m2r,E,268
3m31,A,90
3m32,C,165
3m3h,A,103
3m3m,A,143
3m3p,A,179
3m4a,A,186
3m4d,A,143
3m4i,A,57
3m58,A,157
3m5m,B,113
3m5q,A,229
3m5v,A,159
3m66,A,136
3m6b,A,182
3m6j,A,79
3m6u,A,239
3m6z,A,176
3m70,A,90
3m73,A,197
3m7a,A,87
3m7k,A,35
3m7o,A,53
3m7q,B,40
3m84,A,173
3m86,B,55
3m8j,A,62
3m8o,H,118
3m8u,A,329
3m97,X,68
3m9l,A,115
3m9q,B,60
3mab,A,50
3man,A,181
3mao,A,65
3maz,A,54
3mb4,B,44
3mb5,A,176
3mbg,B,61
3mbk,B,178
3mbx,H,135
3mc1,A,104
3mc3,A,67
3mc4,B,143
3mcw,B,119
3mcx,A,322
3mcz,B,202
3md1,A,55
3md7,A,190
3md9,A,149
3mdm,A,275
3mdo,B,191
3mdp,A,62
3mdq,A,178
3mdu,A,260
3mdx,A,83
3me7,B,107
3mea,A,115
3meb,B,290
3mf7,A,73
3mfd,A,179
3mfi,A,342
3mg1,B,144
3mgd,A,75
3mgg,B,114
3mgn,B,22
3mgw,A,101
3mh9,A,100
3mhg,C,209
3mhr,A,135
3mhs,A,195
3mhw,U,164
3mhy,C,61
3mhz,A,289
3mil,A,164
3mio,A,113
3miy,B,148
3mjd,A,111
3mjf,A,241
3mjo,B,200
3mjv,B,236
3mk1,A,288
3mk6,C,161
3mkc,A,203
3mkh,B,193
3mkk,B,433
3mm6,A,160
3mm6,B,210
3mmg,A,151
3mmh,B,90
3mmw,D,155
3mmy,D,22
3mmy,E,209
3mmz,C,94
3mn1,C,84
3mn2,B,37
3mnm,B,50
3mno,A,140
3mo4,A,206
3mo8,A,79
3mol,B,72
3mos,A,360
3moy,A,162
3mpb,B,153
3mpc,A,63
3mpm,A,159
3mpr,D,160
3mpz,B,76
3mq0,B,101
3mq2,B,119
3mqd,A,271
3mqh,D,137
3mqq,A,55
3mqw,F,81
3mqz,A,99
3mr5,A,189
3ms5,A,252
3mst,A,117
3msu,B,210
3msw,A,43
3msx,B,46
3mt0,A,130
3mt6,D,119
3mte,A,94
3mti,A,70
3mtq,B,82
3mtr,B,116
3mtw,A,240
3mu7,A,181
3mu9,A,109
3muj,B,76
3mux,B,169
3muz,3,577
3mvc,B,70
3mvk,G,90
3mvn,A,66
3mvp,A,89
3mvr,A,283
3mvs,A,146
3mvu,A,69
3mw8,A,110
3mwf,A,171
3mwx,A,215
3mx6,B,192
3mxn,A,112
3mxn,B,68
3mxo,B,118
3mxt,A,112
3mxu,A,80
3mxz,A,58
3myb,A,169
3myf,C,45
3myu,B,138
3myv,B,291
3myx,A,146
3mz0,A,212
3mz2,A,172
3mzo,A,96
3mzv,B,68
3n07,B,105
3n08,A,100
3n0l,B,158
3n0q,A,228
3n0r,A,144
3n0w,A,193
3n0x,A,206
3n10,B,111
3n11,A,223
3n1e,B,68
3n1f,A,100
3n1f,D,53
3n1s,M,71
3n1u,A,73
3n29,B,227
3n2a,A,172
3n2b,A,153
3n2n,E,127
3n2s,D,122
3n37,A,191
3n3s,A,438
3n4f,C,224
3n4i,B,106
3n4k,B,98
3n5a,A,79
3n5b,A,37
3n5b,B,28
3n5l,B,146
3n5o,B,153
3n5w,B,221
3n6y,B,70
3n72,B,87
3n79,A,86
3n7o,A,139
3n8b,A,43
3n8u,A,216
3n98,A,304
3n9b,B,73
3n9g,H,149
3n9i,B,168
3n9r,A,167
3n9u,B,119
3n9u,C,50
3na5,A,310
3naq,B,150
3nbm,A,62
3nci,A,572
3ncl,A,163
3nda,A,225
3ndd,A,201
3ndh,B,116
3ndj,A,261
3ndn,D,76
3ndo,A,137
3ne8,A,130
3nec,B,90
3nep,X,133
3neu,A,40
3nf5,B,67
3nfi,B,55
3nfq,A,85
3nft,A,150
3nfw,B,138
3ng7,X,236
3ngf,A,173
3ngg,B,39
3ngh,A,52
3ngj,A,152
3nhe,A,232
3nhe,B,57
3nht,A,212
3ni0,A,57
3ni2,A,296
3nis,B,53
3niw,A,140
3nj2,A,96
3njc,B,66
3njd,B,189
3nje,B,97
3njg,A,61
3nke,B,121
3nkl,A,40
3nkq,A,375
3nl9,A,86
3nm4,B,119
3nn1,A,97
3nnb,A,250
3no0,A,154
3no2,A,156
3no3,A,163
3no5,B,84
3no6,C,148
3no7,A,39
3nof,B,60
3noj,A,77
3nok,A,138
3nol,A,169
3noo,B,130
3npd,A,70
3npf,B,192
3npk,A,183
3nqi,A,108
3nqn,B,35
3nqp,A,312
3nqx,A,191
3nr1,A,90
3nr5,A,68
3nre,C,184
3nrf,A,54
3nrh,B,77
3nrl,B,36
3nrr,B,335
3nrw,A,48
3nrx,A,74
3ns2,A,71
3ns6,B,56
3nsl,F,56
3nsz,A,239
3nt1,B,377
3nt3,B,152
3ntc,L,112
3ntk,A,68
3nu8,B,236
3nua,A,136
3nuf,A,66
3nul,A,72
3nuq,A,163
3nv1,A,90
3nvb,A,252
3nvt,B,149
3nvw,J,110
3nwc,B,58
3nwo,A,198
3nwr,A,235
3nx3,A,204
3nx4,A,90
3nxb,B,53
3nxg,E,179
3nxl,A,212
3nxq,A,323
3ny3,A,41
3ny5,B,30
3ny7,A,71
3nye,A,233
3nyh,A,322
3nyi,A,102
3nyk,A,75
3nym,B,61
3nyq,A,260
3nyv,A,144
3nyy,A,140
3nze,B,136
3nzl,A,52
3nzn,B,70
3nzz,A,167
3o03,A,141
3o04,A,193
3o07,A,153
3o0a,B,126
3o0d,C,207
3o0f,A,143
3o0g,D,61
3o0h,A,260
3o0k,B,166
3o0l,A,27
3o0m,B,82
3o0q,A,283
3o0w,A,155
3o0y,A,409
3o10,B,86
3o12,A,103
3o14,B,138
3o18,B,89
3o1n,A,155
3o1p,A,141
3o22,A,66
3o26,A,126
3o2j,A,146
3o2r,D,81
3o2t,A,193
3o35,B,94
3o38,D,113
3o3m,C,196
3o3m,D,181
3o3t,A,158
3o3u,N,353
3o41,A,120
3o46,A,47
3o4h,A,158
3o4r,B,113
3o4v,B,128
3o5v,B,58
3o66,A,153
3o6d,A,96
3o6n,A,197
3o6p,A,111
3o70,A,23
3o72,C,196
3o79,A,54
3o7b,A,146
3o7i,A,101
3o7m,D,76
3o83,B,284
3o85,B,39
3o8m,A,321
3o8q,A,134
3o91,C,121
3o9z,A,194
3oa2,C,157
3oa3,B,159
3oaj,A,192
3oam,A,131
3obc,B,63
3obe,B,161
3obi,C,167
3obl,B,61
3obx,A,83
3oc7,A,157
3oc9,A,224
3ocj,A,167
3ocm,A,72
3ocr,A,104
3ocu,A,166
3od1,A,101
3od5,B,158
3od9,A,79
3odg,A,174
3odt,A,189
3odv,A,20
3oe3,B,37
3oec,C,166
3oep,A,274
3of4,C,100
3of5,A,110
3of7,A,243
3ofk,C,74
3og9,B,133
3oga,A,58
3ogg,A,291
3ogh,B,91
3ogr,A,669
3ohg,A,184
3ohr,A,165
3oi8,A,42
3oid,C,167
3oig,A,166
3oio,A,49
3oir,B,73
3oiu,A,100
3oiz,A,43
3oj0,A,66
3oj6,B,83
3oj7,A,76
3ojc,D,94
3ojg,A,167
3ojs,A,135
3oks,B,281
3okx,B,97
3ol0,A,30
3ol3,A,51
3olq,A,128
3om0,A,175
3omc,B,120
3omd,B,84
3oms,A,45
3omt,A,53
3on1,A,44
3on2,A,87
3on4,E,109
3ono,A,98
3onp,A,41
3onr,I,31
3oo8,A,271
3ooi,A,128
3ooo,B,91
3oop,A,49
3oos,A,169
3oou,A,70
3oow,C,87
3oox,A,179
3op4,A,130
3op7,A,167
3op8,A,33
3op9,A,29
3opk,A,61
3oq2,A,40
3oqi,B,135
3oqp,A,120
3oqv,A,69
3oqy,B,69
3or3,A,89
3or5,A,92
3orh,C,127
3oro,A,139
3oru,A,148
3orv,B,191
3orv,D,152
3os4,A,190
3os7,A,229
3osd,A,149
3ose,A,69
3osm,A,70
3osu,B,98
3ot1,A,115
3ot3,A,137
3ot9,B,262
3oti,B,213
3otl,A,83
3otn,B,287
3ou2,A,117
3ouf,B,60
3oug,I,68
3oui,A,117
3out,B,187
3ouz,B,174
3ovc,A,83
3ovp,B,112
3ovx,A,145
3owa,B,111
3owc,B,42
3owr,C,80
3owv,A,107
3oxp,A,107
3oyy,B,83
3oz2,A,171
3ozh,A,197
3p02,A,172
3p09,B,90
3p0b,A,291
3p0q,C,120
3p0r,A,123
3p0t,A,79
3p1a,A,176
3p1f,A,87
3p1g,A,72
3p1v,A,184
3p1w,A,197
3p1x,A,16
3p24,C,176
3p2c,B,284
3p2n,A,234
3p2t,A,126
3p2u,B,143
3p2y,A,191
3p32,A,88
3p3c,A,187
3p3e,A,189
3p3g,A,117
3p3o,A,183
3p3v,B,99
3p47,A,151
3p48,A,70
3p4h,A,47
3p4l,A,130
3p4t,A,230
3p5h,A,75
3p5p,A,417
3p5u,A,142
3p6l,A,141
3p73,A,168
3p73,B,64
3p94,D,109
3p97,C,180
3p9c,A,200
3p9p,A,501
3p9v,B,64
3p9x,A,59
3pa6,A,55
3pas,B,91
3pb6,X,191
3pbf,A,59
3pbo,A,211
3pc3,A,343
3pct,B,122
3pcv,A,55
3pd2,B,76
3pdn,A,256
3pdw,A,151
3pe4,A,359
3pe6,A,173
3pe7,A,255
3pe8,A,139
3pea,B,127
3pel,B,93
3pes,A,56
3pew,A,253
3pf2,A,209
3pf6,A,37
3pfe,A,266
3pfs,A,80
3pfy,A,67
3pg6,C,75
3pgx,A,171
3phs,A,157
3phx,B,53
3pi7,A,145
3pim,A,115
3pj0,B,231
3pj3,A,130
3pjp,B,128
3pjv,D,47
3pk0,A,151
3pkv,A,130
3pl0,B,98
3pl2,B,148
3plf,D,173
3plw,A,67
3plx,B,55
3pmc,B,87
3pmd,A,84
3pmm,A,161
3pms,A,218
3pmt,A,27
3pn8,A,174
3pna,A,57
3pnn,A,100
3po0,A,42
3po8,A,63
3poz,A,117
3pp2,A,70
3pp9,A,94
3pqa,B,308
3pro,D,77
3prp,A,96
3psm,A,37
3pt1,A,268
3pu9,A,112
3pua,A,122
3pve,A,98
3pvi,B,104
3px2,A,138
3pxl,A,339
3pzf,A,135
3pzj,B,59
3pzs,B,139
3pzw,A,508
3pzy,A,81
3q0h,A,58
3q0i,A,137
3q12,C,174
3q1c,A,195
3q1n,A,186
3q20,B,37
3q23,B,618
3q2e,A,59
3q34,A,105
3q3j,A,25
3q3j,B,78
3q3u,A,204
3q3w,B,84
3q4s,A,137
3q4t,A,124
3q4u,A,152
3q58,A,102
3q5y,A,143
3q60,A,164
3q62,B,93
3q64,A,110
3q6d,B,176
3q6j,A,300
3q7c,A,125
3q7m,A,175
3q90,A,63
3qan,C,207
3qao,A,48
3qat,B,195
3qbm,B,99
3qbp,A,277
3qby,A,44
3qc7,A,109
3qd5,B,92
3qds,B,97
3qe1,A,63
3qee,A,200
3qh4,A,200
3qhx,A,239
3qhz,M,93
3qi7,B,152
3qij,B,131
3qit,A,159
3qk3,A,85
3qk8,C,166
3qki,B,337
3qle,A,107
3qlj,D,156
3qm3,E,224
3qmn,P,58
3qn1,A,126
3qn1,B,169
3qnm,A,148
3qoj,A,65
3qom,A,335
3qoo,A,81
3qp4,A,95
3qqi,B,116
3qry,A,305
3qu1,B,109
3qug,A,63
3quv,B,145
3qxb,B,181
3qxf,A,212
3qxz,B,161
3qy1,B,103
3qy3,A,62
3qyf,A,148
3qyj,A,185
3qyq,C,95
3qz6,A,143
3qzb,A,85
3r0p,B,39
3r1i,A,154
3r1w,C,119
3r3r,A,122
3r3s,C,189
3r6f,A,78
4dmr,A,516
4rhn,A,65
4ubp,A,71
4ubp,B,74
4ubp,C,346
6cel,A,297
6fdr,A,70
6rxn,A,33
7rsa,A,83
