pdb_id,chain
16pk,A
1a0j,A
1a1i,A
1a2p,B
1a2y,A
1a2y,B
1a2z,C
1a34,A
1a3a,A
1a4i,B
1a73,A
1a7d,A
1a7s,A
1a7t,B
1a88,A
1a8q,A
1a8s,A
1a92,C
1ab0,A
1ab1,A
1aba,A
1ae9,B
1aec,A
1afb,3
1ag6,A
1ag9,B
1agy,A
1ah7,A
1aho,A
1aii,A
1ail,A
1ajk,B
1ako,A
1aky,A
1amu,B
1aoh,B
1aop,A
1aoz,A
1aqu,A
1arb,A
1ast,A
1atg,A
1atl,B
1atz,B
1aun,A
1avb,A
1awd,A
1aye,A
1b0b,A
1b0n,A
1b0u,A
1b12,B
1b16,A
1b1c,A
1b25,D
1b2s,F
1b31,A
1b37,B
1b3a,B
1b4f,B
1b5e,A
1b63,A
1b66,A
1b67,A
1b6a,A
1b6g,A
1b80,A
1b8a,B
1b8d,K
1b8d,L
1b8p,A
1b8z,A
1b93,A
1bam,A
1bas,A
1baz,A
1bdo,A
1beh,A
1bf6,A
1bg7,A
1bgf,A
1bgp,A
1bhp,A
1bj7,A
1bkb,A
1bkj,A
1bkp,A
1bn8,A
1bq8,A
1bqb,A
1bqk,A
1brt,A
1bs3,B
1bs9,A
1bsg,A
1bte,A
1bu8,A
1bue,A
1bx1,A
1bx4,A
1bx7,A
1bxo,A
1bxu,A
1bxy,A
1byi,A
1c02,A
1c0p,A
1c1d,A
1c1k,A
1c1l,A
1c1y,A
1c1y,B
1c3c,A
1c4o,A
1c4q,B
1c52,A
1c5c,L
1c5e,A
1c6r,A
1c75,A
1c7j,A
1c7k,A
1c7n,F
1cb0,A
1cc8,A
1ccw,B
1ceo,A
1cf3,A
1cg5,A
1cg5,B
1chd,A
1ci4,B
1cip,A
1cjc,A
1cjw,A
1cka,A
1cku,A
1cl1,B
1clc,A
1cnv,A
1cnz,B
1coj,A
1cpq,A
1cqm,B
1cru,B
1cs6,A
1ctj,A
1cuo,A
1cxl,A
1cxy,A
1cyd,D
1cyo,A
1cz9,A
1cza,N
1czf,A
1czn,A
1d02,B
1d0b,A
1d0d,A
1d2n,A
1d2s,A
1d2t,A
1d3g,A
1d4o,A
1d4t,A
1d5l,B
1d5l,D
1d5t,A
1d7o,A
1daa,B
1dbf,A
1dbi,A
1dbw,B
1dci,C
1dd9,A
1deu,A
1df4,A
1dfm,B
1dfu,P
1dgf,A
1dhn,A
1di2,B
1di6,A
1dj0,B
1djr,G
1dk8,A
1dl2,A
1dl5,B
1dlf,H
1dlj,A
1dlw,A
1dly,A
1dm1,A
1dmg,A
1doi,A
1dok,A
1dow,A
1dp7,P
1dpj,A
1dpt,A
1dqg,A
1dqi,A
1dqp,A
1dqs,A
1dqz,A
1ds1,A
1dsl,A
1dss,G
1dsx,C
1dsz,A
1dtd,B
1dul,A
1duv,H
1dw0,B
1dwk,A
1dxe,B
1dxj,A
1dxy,A
1dyp,A
1dys,B
1dzk,A
1e0c,A
1e0w,A
1e1h,A
1e1h,D
1e25,A
1e29,A
1e2w,B
1e3d,B
1e3d,C
1e4c,P
1e4m,M
1e4v,A
1e59,A
1e5k,A
1e5m,A
1e5p,A
1e6b,A
1e6i,A
1e6o,H
1e6o,L
1e6y,B
1e6y,C
1e6y,D
1e7l,B
1e7s,A
1e7w,A
1e9g,A
1eaj,B
1eao,A
1ear,A
1eb6,A
1eco,A
1edg,A
1edq,A
1eej,B
1eeq,A
1eeu,B
1ef1,D
1eg2,A
1egw,B
1eis,A
1ej0,A
1ej2,A
1ejb,A
1ejd,B
1ejw,A
1ek3,A
1ekj,C
1ekq,B
1ekx,A
1elj,A
1elk,A
1elr,A
1elt,A
1elu,A
1elv,A
1elw,A
1enf,A
1eo6,B
1eoe,A
1eon,B
1ep0,A
1epw,A
1eq9,B
1es5,A
1esw,A
1etx,A
1eu1,A
1eu3,A
1eue,A
1euh,C
1euv,A
1euv,B
1evh,A
1ex2,B
1exr,A
1ext,A
1eyb,A
1eyh,A
1eyl,A
1eyv,A
1ez3,B
1ezg,B
1ezm,A
1f08,B
1f0k,B
1f0l,B
1f0y,B
1f1e,A
1f1m,C
1f1u,A
1f2t,A
1f39,A
1f3d,K
1f3u,G
1f46,B
1f4n,A
1f4p,A
1f5j,A
1f5n,A
1f5v,A
1f60,A
1f60,B
1f7b,C
1f7l,A
1f8m,C
1f94,A
1f9f,D
1f9z,B
1fba,A
1fbn,A
1fcz,A
1fd3,A
1fe0,B
1fec,B
1feh,A
1ff3,A
1fg7,A
1fh0,B
1fj2,B
1fjj,A
1fk5,A
1flj,A
1fm0,D
1fm0,E
1fm4,A
1fn9,A
1fng,A
1fng,D
1fny,A
1fo9,A
1fob,A
1fp2,A
1fpo,B
1fqt,B
1fr3,A
1frb,A
1fsg,A
1fth,C
1ftr,A
1fu0,B
1fur,B
1fus,A
1fux,A
1fvu,B
1fw1,A
1fx4,A
1fxl,A
1fxo,G
1fye,A
1fz1,B
1fzm,A
1g01,A
1g0o,C
1g12,A
1g16,A
1g1s,B
1g1t,A
1g29,2
1g2b,A
1g2o,C
1g2q,A
1g2r,A
1g3k,B
1g3m,B
1g3p,A
1g4i,A
1g55,A
1g57,A
1g5a,A
1g60,A
1g61,A
1g6a,A
1g6c,B
1g6g,A
1g6h,A
1g6u,B
1g87,A
1g8a,A
1g8i,B
1g8k,A
1g8k,D
1g94,A
1g97,A
1g9g,A
1g9k,A
1g9o,A
1ga6,A
1gai,A
1gbg,A
1gbs,A
1gc0,B
1gci,A
1gcq,C
1gde,B
1gee,E
1geg,G
1ges,B
1ghe,B
1gk6,A
1gk7,A
1gk8,G
1gk9,A
1gk9,B
1gkp,E
1gl2,A
1gl2,B
1gl2,C
1gl2,D
1glq,A
1gmu,C
1gmy,A
1gn0,A
1gnl,A
1gnt,A
1gnx,B
1gny,A
1go3,E
1go3,N
1goi,B
1gou,A
1gp6,A
1gpe,A
1gpi,A
1gpp,A
1gpu,A
1gq1,A
1gq6,C
1gq8,A
1gql,B
1gqv,A
1gte,D
1gtf,I
1gtt,A
1gtv,A
1gtz,D
1gu2,A
1gu7,B
1gud,A
1gug,D
1gui,A
1gv5,A
1gv9,A
1gve,B
1gvf,A
1gvj,A
1gvn,C
1gvn,D
1gvx,A
1gvz,A
1gwe,A
1gwi,B
1gwu,A
1gx1,A
1gxn,A
1gxr,A
1gxu,A
1gxy,A
1gy6,A
1gy7,C
1gyc,A
1gyh,C
1gyo,A
1gyv,A
1gyy,B
1gz8,A
1gzc,A
1gzw,B
1h03,P
1h0h,B
1h0h,K
1h0j,A
1h0s,A
1h16,A
1h1i,A
1h1n,A
1h1y,A
1h2b,B
1h2c,A
1h2e,A
1h2s,A
1h2s,B
1h32,A
1h45,A
1h4a,X
1h4g,A
1h4p,A
1h4r,A
1h4w,A
1h5b,B
1h5q,L
1h5v,A
1h64,Q
1h6f,A
1h6h,A
1h6l,A
1h6u,A
1h6w,A
1h72,C
1h75,A
1h7e,B
1h80,B
1h8p,B
1h8u,A
1h97,B
1h98,A
1h99,A
1h9m,A
1h9s,B
1hbn,C
1hbn,D
1hbn,E
1hc9,B
1hd2,A
1hdh,A
1hdo,A
1hfe,L
1hfe,T
1hfo,E
1hfs,A
1hfu,A
1hgx,B
1hh8,A
1hj8,A
1hjs,B
1hjx,B
1hl7,B
1hle,A
1hlq,C
1hm6,B
1hml,A
1hmt,A
1hnj,A
1hp1,A
1hpg,A
1hq0,A
1ht6,A
1ht9,B
1hw1,B
1hx0,A
1hx1,B
1hx6,C
1hxh,D
1hxi,A
1hxr,B
1hz4,A
1hz6,C
1hzj,A
1hzo,A
1hzt,A
1i0l,A
1i0r,A
1i0v,A
1i12,C
1i1j,B
1i1n,A
1i24,A
1i27,A
1i2h,A
1i2m,B
1i2t,A
1i3c,B
1i4u,A
1i4y,D
1i58,B
1i60,A
1i6m,A
1i71,A
1i77,A
1i7h,A
1i7k,A
1i7n,B
1i88,A
1i8a,A
1i8f,F
1i8k,B
1i8o,A
1i9c,A
1ia6,A
1iak,B
1iap,A
1iat,A
1iaz,A
1iby,B
1icp,A
1idp,A
1ig3,A
1igq,A
1ihj,B
1iho,B
1ii5,A
1iib,B
1iir,A
1ijb,A
1ijt,A
1ijx,C
1ijy,B
1ikp,A
1ikt,A
1inj,A
1inl,A
1io0,A
1iom,A
1ioo,B
1iq6,B
1iqc,C
1iqq,A
1iqz,A
1irn,A
1irq,A
1iso,A
1isp,A
1ist,B
1isu,A
1it2,B
1itw,D
1itx,A
1iu1,B
1iu8,B
1iue,B
1iuq,A
1iuz,A
1iv3,D
1iv9,A
1iwd,A
1ix1,B
1ix2,A
1ix9,A
1ixg,A
1ixk,A
1iy8,C
1iyb,A
1iye,C
1iyn,A
1izc,A
1ize,A
1j02,A
1j05,B
1j0h,B
1j0p,A
1j1n,A
1j1y,A
1j24,A
1j27,A
1j2j,B
1j2l,A
1j2r,A
1j30,B
1j31,D
1j34,B
1j3a,A
1j3q,A
1j3w,C
1j48,A
1j5x,A
1j71,A
1j75,A
1j77,A
1j7d,A
1j7g,A
1j7k,A
1j83,A
1j8e,A
1j8r,A
1j8u,A
1j96,A
1j97,B
1j98,A
1j9l,A
1ja9,A
1jab,A
1jae,A
1jak,A
1jat,A
1jat,B
1jay,B
1jbe,A
1jcc,A
1jcd,A
1jcv,A
1jd0,B
1jd1,C
1jd5,A
1jdh,A
1jdh,B
1jdl,A
1jds,A
1jek,A
1jev,A
1jf8,A
1jfb,A
1jfl,B
1jfr,A
1jfu,A
1jfx,A
1jg1,A
1jhd,A
1jhf,A
1jhg,A
1jhj,A
1jhs,A
1ji1,A
1ji7,A
1jid,A
1jif,A
1jke,C
1jkg,A
1jkx,A
1jl1,A
1jl3,D
1jl7,A
1jlj,A
1jlt,A
1jlt,B
1jlv,B
1jm1,A
1jmv,D
1jnd,A
1jni,A
1jnr,C
1jnr,D
1jo0,A
1jo8,A
1jp4,A
1jpa,A
1jpe,A
1jpt,H
1jpt,L
1jq0,A
1jq5,A
1jqe,A
1jr8,A
1jrl,A
1jsd,B
1jt2,A
1ju2,A
1jub,B
1juv,A
1jv1,A
1jvb,A
1jvw,A
1jw9,B
1jwq,A
1jy2,N
1jy2,R
1jy3,P
1jya,A
1jyh,A
1jyo,B
1jzt,A
1k07,A
1k0i,A
1k0m,A
1k1e,K
1k20,A
1k2e,A
1k2x,C
1k38,B
1k3i,A
1k3s,A
1k3w,A
1k4i,A
1k4m,C
1k5c,A
1k5n,A
1k66,B
1k6a,A
1k6d,B
1k75,B
1k77,A
1k7c,A
1k7i,A
1k7j,A
1k8u,A
1k8w,A
1k92,A
1k94,A
1k9d,A
1k9u,B
1ka1,A
1kaf,A
1kao,A
1kap,P
1kb0,A
1kcq,A
1kcv,L
1kcz,B
1kdg,B
1kdj,A
1kdo,B
1keq,B
1kew,A
1kfw,A
1kg2,A
1kgc,D
1kgc,E
1kgd,A
1kgi,C
1kgs,A
1kh0,A
1khd,A
1khi,A
1khq,A
1kid,A
1kj9,A
1kjv,A
1kjv,B
1kjw,A
1kk1,A
1kl9,A
1klx,A
1km9,A
1kms,A
1kmt,A
1kng,A
1knl,A
1knt,A
1koe,A
1kol,B
1kop,A
1kp6,A
1kpt,A
1kpu,A
1kpu,B
1kq1,B
1kq3,A
1kqc,C
1kqf,A
1kqp,A
1kqr,A
1kr4,A
1krh,A
1krn,A
1ks8,A
1ktb,A
1ktg,B
1ku1,A
1kug,A
1kvd,C
1kve,D
1kw4,A
1kw6,B
1kwf,A
1kwg,A
1kwm,A
1kxq,E
1ky3,A
1kyh,A
1kzf,A
1kzk,B
1kzq,A
1l1d,B
1l1l,B
1l2p,A
1l2t,B
1l3i,E
1l3k,A
1l3l,B
1l3p,A
1l5o,A
1l5w,B
1l6r,A
1l6w,B
1l7l,A
1l8f,A
1l9l,A
1l9x,A
1lb3,A
1lb6,A
1lc3,A
1lc5,A
1lcl,A
1lcp,A
1le6,A
1les,B
1lf7,A
1lfk,A
1lfm,A
1lgt,A
1lj5,A
1lj8,A
1lj9,B
1ljo,A
1lk3,L
1lk5,B
1lke,A
1lkp,A
1llf,B
1llm,C
1lln,A
1lm4,B
1lm6,A
1lml,A
1lo6,A
1loe,B
1lq9,A
1lqa,A
1lqt,A
1lqv,A
1lr0,A
1lr7,A
1lrh,A
1lri,A
1ls1,A
1ls6,A
1ls9,A
1lst,A
1lt1,H
1lua,C
1luz,B
1lv7,A
1lvw,B
1lw6,E
1lw6,I
1lwb,A
1lwd,B
1ly2,A
1m0d,C
1m0s,B
1m0u,A
1m0w,B
1m0z,A
1m15,A
1m1f,A
1m1n,E
1m1n,F
1m1r,A
1m22,B
1m2d,B
1m2h,A
1m2m,A
1m2t,B
1m2x,D
1m33,A
1m3s,B
1m3u,C
1m40,A
1m45,A
1m48,A
1m4i,A
1m4j,A
1m55,A
1m5t,A
1m65,A
1m66,A
1m6i,A
1m6j,B
1m6s,A
1m70,D
1m7a,B
1m7g,A
1m7j,A
1m7s,D
1m7v,A
1m8s,A
1m8u,A
1m93,B
1m9z,A
1mb4,A
1mc2,A
1md6,A
1mdo,A
1me8,A
1meo,A
1mex,H
1mex,L
1mfa,H
1mfi,B
1mg4,A
1mg5,A
1mg7,B
1mgq,C
1mgr,A
1mgt,A
1mhn,A
1mhx,A
1mi3,B
1mix,A
1mj4,A
1mj5,A
1mjf,B
1mjh,B
1mju,H
1mk0,A
1mkk,A
1mky,A
1mkz,B
1ml6,B
1mla,A
1mlw,A
1mn8,B
1mno,B
1mo0,B
1mo1,A
1mo9,A
1mof,A
1moq,A
1mpg,B
1mpl,A
1mpx,B
1mqi,A
1ms9,A
1muc,A
1mug,A
1mv8,C
1mvf,A
1mvf,D
1mvo,A
1mvq,A
1mvu,A
1mvu,B
1mw9,X
1mwq,A
1mxg,A
1mxr,A
1my5,A
1my6,B
1mz4,A
1mz9,A
1mzb,A
1mzy,A
1n08,B
1n0q,B
1n0w,A
1n12,A
1n13,G
1n1j,A
1n1j,B
1n1s,A
1n2x,A
1n3y,A
1n5w,D
1n63,C
1n63,E
1n71,C
1n7e,A
1n7h,B
1n7m,H
1n7s,A
1n7s,B
1n7s,C
1n7s,D
1n82,B
1n83,A
1n8f,B
1n93,X
1n9l,A
1n9p,A
1na0,A
1na5,A
1nb9,A
1nbc,B
1nbu,D
1nc5,A
1nc7,D
1ncw,H
1ncw,L
1ndb,B
1ndd,A
1ndg,B
1ne7,C
1nep,A
1ney,A
1nf8,A
1nff,B
1nfv,N
1ng6,A
1ngz,A
1nh2,A
1nh2,B
1nh2,D
1nhc,E
1nhk,L
1nki,B
1nkp,D
1nlf,A
1nln,A
1nls,A
1nn5,A
1nnf,A
1nnh,A
1nnl,A
1nns,A
1nnw,B
1noa,A
1nof,A
1nog,A
1nox,A
1npy,B
1nq6,A
1nq7,A
1nqj,A
1nqu,B
1nr0,A
1nr4,G
1nrj,A
1nrj,B
1nrv,B
1nrw,A
1ns5,B
1ns9,A
1nsc,B
1nth,A
1ntv,A
1nty,A
1nu0,A
1nul,A
1nut,A
1nvm,C
1nvm,F
1nw2,H
1nwa,A
1nwp,A
1nww,A
1nwz,A
1nxc,A
1nxj,A
1nxm,A
1nxo,A
1ny1,B
1nyk,B
1nyt,C
1nz0,A
1nza,A
1nzi,A
1nzj,A
1o04,E
1o0e,B
1o13,A
1o1x,A
1o1y,A
1o1z,A
1o26,C
1o2d,A
1o3u,A
1o3y,A
1o4k,A
1o4s,A
1o4t,A
1o4v,A
1o4w,A
1o4y,A
1o50,A
1o54,A
1o58,D
1o5k,B
1o5u,A
1o5x,A
1o66,B
1o69,B
1o6a,A
1o6l,A
1o75,A
1o7e,B
1o7i,A
1o7j,C
1o7q,B
1o7z,B
1o82,A
1o8b,B
1o8s,A
1o8v,A
1o8x,A
1o91,C
1o98,A
1o9g,A
1o9i,D
1o9r,E
1oa2,C
1oa4,A
1oa8,A
1oaa,A
1oai,A
1oal,A
1oao,A
1oaq,H
1oaq,L
1ob0,A
1ob3,A
1ob8,A
1obb,A
1obf,O
1obo,A
1oc2,B
1oc7,A
1oc8,A
1ock,A
1ocy,A
1od6,A
1odk,A
1odm,A
1odo,A
1odt,H
1odv,A
1odz,A
1oe2,A
1of1,A
1of8,B
1ofc,X
1off,A
1ofl,A
1ofs,D
1ofw,A
1ofz,A
1ogd,D
1ogm,X
1oh0,A
1oh4,A
1oh9,A
1ohp,B
1oi0,C
1oi2,A
1oi6,B
1oi7,A
1oih,D
1ojh,F
1ojk,A
1ojq,A
1ojx,C
1ok0,A
1okb,B
1okh,B
1oki,B
1okt,A
1ol0,A
1olm,C
1on3,A
1ong,A
1oni,C
1onj,A
1onw,B
1ooe,A
1oot,A
1opa,B
1oq1,B
1oqc,A
1oqj,A
1oqv,C
1orn,A
1orr,A
1oru,B
1os6,A
1osy,B
1oth,A
1ou8,B
1ouw,C
1ov3,A
1ovo,C
1ow1,A
1ow3,A
1owf,A
1ox0,A
1oxj,A
1oxs,C
1oyg,A
1oyw,A
1oz9,A
1ozn,A
1ozw,B
1p0f,B
1p0h,A
1p0k,A
1p1j,A
1p1m,A
1p1x,B
1p28,B
1p2f,A
1p3c,A
1p3d,B
1p5g,X
1p5u,C
1p5v,A
1p5z,B
1p6o,B
1p71,A
1p7k,B
1p7k,L
1p99,A
1p9h,A
1pa2,A
1pam,B
1pbj,A
1pcf,C
1pdo,A
1pe9,B
1pf3,A
1pfb,A
1pg4,B
1pg6,A
1pgv,A
1phn,A
1pj5,A
1pk3,B
1pkh,A
1pko,A
1pkx,D
1pl2,B
1pl3,A
1pl8,D
1pmh,X
1pn0,B
1pn2,C
1pnc,A
1pp0,C
1pqh,B
1psr,A
1pt6,A
1ptq,A
1pu6,A
1puc,A
1puf,B
1puo,B
1pvm,A
1pvx,A
1pwa,A
1px5,B
1pxv,B
1pyf,A
1pyl,A
1pyo,B
1pzg,A
1pzs,A
1q08,B
1q0e,B
1q0g,D
1q0p,A
1q0q,A
1q0r,A
1q0x,H
1q11,A
1q1r,B
1q1u,A
1q2h,A
1q2o,B
1q35,A
1q40,A
1q40,B
1q44,A
1q4r,A
1q4u,B
1q52,H
1q5k,A
1q5m,B
1q5z,A
1q6h,A
1q6o,A
1q72,H
1q74,C
1q7e,A
1q7l,A
1q7l,B
1q7r,A
1q8b,A
1q8d,A
1q8f,A
1q9r,A
1q9r,B
1q9u,A
1qad,A
1qau,A
1qav,A
1qaz,A
1qb5,E
1qb7,A
1qba,A
1qbz,A
1qcs,A
1qcx,A
1qd1,B
1qd2,A
1qd9,C
1qdb,C
1qdd,A
1qf8,B
1qfo,B
1qfv,B
1qg8,A
1qge,E
1qgi,A
1qgj,A
1qgu,A
1qgu,D
1qh4,C
1qh5,B
1qhf,A
1qho,A
1qhq,A
1qhv,A
1qip,A
1qj5,B
1qjc,B
1qjw,B
1qkk,A
1qkr,A
1ql0,B
1ql3,B
1qlw,A
1qmg,C
1qmv,H
1qmy,C
1qna,A
1qnj,A
1qnn,C
1qnp,A
1qnt,A
1qnx,A
1qou,B
1qoz,B
1qpc,A
1qq7,B
1qqp,1
1qre,A
1qrp,E
1qs1,A
1qsa,A
1qsg,A
1qt9,A
1qtn,A
1qtw,A
1qtx,A
1qu1,D
1qu9,A
1qup,B
1qus,A
1qv0,A
1qv9,C
1qve,B
1qvz,B
1qw2,A
1qw9,B
1qwd,A
1qwg,A
1qwi,C
1qwk,A
1qwm,B
1qwo,A
1qwr,A
1qwx,B
1qwy,A
1qwz,A
1qx2,B
1qxy,A
1qy6,A
1qyw,A
1qz9,A
1qzr,A
1r03,A
1r0d,G
1r0k,A
1r0m,B
1r0r,E
1r0u,A
1r12,A
1r17,A
1r1p,A
1r1t,B
1r26,A
1r29,A
1r2m,A
1r2q,A
1r2r,B
1r3d,A
1r3j,B
1r3q,A
1r45,B
1r4v,A
1r4x,A
1r55,A
1r5l,A
1r5m,A
1r62,A
1r6d,A
1r6j,A
1r6w,A
1r6x,A
1r77,B
1r7a,B
1r7j,A
1r87,A
1r88,B
1r89,A
1r8h,D
1r8s,A
1r8s,E
1r9c,A
1r9d,A
1r9f,A
1r9h,A
1r9l,A
1r9w,A
1ra0,A
1rc9,A
1rcq,A
1rdo,2
1rdq,E
1rff,B
1rfk,A
1rfs,A
1rfy,B
1rg8,B
1rgx,C
1rgy,A
1rgz,A
1rh6,B
1rh9,A
1rhc,A
1rhf,B
1ri8,A
1rie,A
1rjc,A
1rjd,A
1rk8,A
1rk8,B
1rkd,A
1rki,A
1rkq,A
1rku,A
1rkx,C
1rl0,A
1rlh,A
1rli,A
1rlk,A
1rm6,A
1rm6,B
1rm6,C
1roc,A
1rp0,B
1rq2,B
1rqb,A
1rqj,A
1rrm,A
1rro,A
1rtq,A
1rtt,A
1ru0,B
1ru4,A
1ruk,L
1rut,X
1rv9,A
1rw1,A
1rwh,A
1rwi,A
1rwj,A
1rwr,A
1rwy,A
1rwy,B
1rwz,A
1rx0,C
1rxg,A
1rxj,A
1rxq,C
1ry9,C
1ryh,B
1ryi,B
1ryl,A
1ryo,A
1ryp,I
1ryp,J
1ryp,K
1ryp,Z
1ryq,A
1rz3,A
1rzf,H
1rzf,L
1rzh,H
1rzh,L
1rzh,M
1rzl,A
1s1d,B
1s1f,A
1s29,A
1s2o,A
1s2w,A
1s3c,A
1s3k,H
1s3k,L
1s4k,B
1s57,B
1s5a,B
1s5d,A
1s5m,A
1s5u,D
1s69,A
1s7k,A
1s8i,A
1s99,A
1s9r,A
1s9u,A
1sa3,A
1sat,A
1sau,A
1sbp,A
1sbx,A
1sd5,A
1sdi,A
1sdo,A
1sds,A
1se8,A
1seg,A
1seh,A
1sen,A
1seq,H
1sf9,A
1sff,C
1sfs,A
1sfx,B
1sg4,C
1sgv,B
1sgw,A
1sh7,B
1sh8,B
1shf,B
1shk,A
1shm,D
1shu,X
1sk4,A
1skz,A
1sl8,A
1smb,A
1smo,A
1smx,B
1sn2,B
1sng,A
1snn,A
1snr,A
1sny,A
1so7,A
1soi,A
1sov,B
1spj,A
1sqs,B
1ss4,B
1stm,B
1suu,A
1svb,A
1svd,A
1svd,M
1svf,B
1sw5,B
1swg,A
1swy,A
1sxq,B
1sxr,A
1sy7,B
1syy,A
1szd,A
1szh,A
1szn,A
1szo,K
1t00,A
1t06,A
1t07,A
1t0a,A
1t0b,D
1t0f,B
1t0f,C
1t0h,A
1t0h,B
1t0p,B
1t0t,X
1t1g,A
1t1j,B
1t1v,B
1t2a,B
1t2d,A
1t2h,B
1t2j,A
1t2w,C
1t3i,B
1t3q,A
1t3q,B
1t3y,A
1t4b,B
1t5b,B
1t61,C
1t61,E
1t6c,A
1t6g,A
1t6g,D
1t6t,1
1t6u,L
1t6v,N
1t7q,B
1t7r,A
1t82,C
1t8h,A
1t8k,A
1t8t,B
1t8z,C
1t92,B
1t95,A
1t9i,B
1t9m,B
1ta3,A
1ta3,B
1ta9,B
1tag,A
1taw,B
1taz,A
1tbf,A
1tc5,B
1tca,A
1tcv,C
1td4,A
1tdz,A
1te2,A
1ten,A
1tez,B
1tf1,A
1tf4,A
1tf8,A
1tg0,A
1tg7,A
1tgr,A
1tgx,B
1th7,H
1thf,D
1thg,A
1thm,A
1thq,A
1thx,A
1thz,A
1tiq,A
1tjy,A
1tk4,A
1tke,A
1tmx,A
1tn4,A
1to4,A
1toa,B
1top,A
1tov,A
1tp6,A
1tp9,B
1tph,1
1tq4,A
1tqh,A
1tqj,B
1tr0,J
1tsf,A
1tt2,A
1tt8,A
1tu1,B
1tu7,B
1tu9,A
1tua,A
1tuh,A
1tuk,A
1tvn,B
1tw7,B
1tw9,C
1twd,A
1twy,D
1tx2,A
1txg,B
1txo,B
1ty0,B
1ty9,A
1tz0,B
1tzj,B
1tzp,A
1tzw,A
1tzy,C
1tzy,F
1u02,A
1u07,A
1u09,A
1u0a,D
1u0k,B
1u11,A
1u1w,B
1u29,A
1u2b,A
1u2h,A
1u2p,A
1u2w,B
1u36,A
1u3i,A
1u3w,A
1u53,A
1u55,A
1u5d,B
1u5f,A
1u60,B
1u69,D
1u6e,A
1u6r,B
1u6t,A
1u6z,B
1u7i,A
1u7k,D
1u7l,A
1u7p,A
1u84,A
1u8f,Q
1u8v,C
1u8y,B
1u94,A
1u9c,A
1u9k,A
1u9p,A
1ua4,A
1uai,A
1ual,A
1uar,A
1uas,A
1uay,B
1ub3,A
1uc4,A
1uc4,G
1uca,A
1ucr,B
1ucs,A
1ud9,D
1udc,A
1ueb,A
1ued,A
1ueh,A
1uek,A
1uf5,A
1ufb,C
1ufi,B
1ufo,D
1ufy,A
1ug6,A
1ugi,E
1ugp,A
1ugp,B
1ugx,A
1uha,A
1uhe,A
1uhg,D
1uhk,B
1ui0,A
1uiw,C
1uix,A
1uj0,A
1uj2,A
1uj6,A
1uj8,A
1ujn,A
1ujp,A
1uk7,A
1ukf,A
1ukk,A
1ukm,A
1ukm,B
1uku,A
1ukz,A
1ulk,A
1ulr,A
1umd,C
1umd,D
1umg,A
1umk,A
1umz,A
1un3,A
1unq,A
1uow,A
1uoy,A
1uoz,A
1ups,B
1upt,D
1upt,E
1uqr,B
1uqz,A
1ur5,A
1uri,A
1urn,C
1urr,A
1urs,A
1us5,A
1use,A
1usf,B
1usg,A
1uso,A
1usp,B
1usq,B
1ut7,B
1uti,A
1uu3,A
1uu4,A
1uuf,A
1uuj,A
1uuq,A
1uuy,A
1uv4,A
1uvq,A
1uvq,B
1uw4,C
1uw4,D
1uwc,A
1uwf,A
1uwk,B
1uwt,B
1uww,A
1uwz,A
1uxo,A
1uxx,X
1uxy,A
1uy1,A
1uyx,A
1uz3,A
1uz8,B
1uze,A
1uzm,B
1v05,A
1v08,B
1v0a,A
1v0w,A
1v0z,B
1v1h,C
1v2b,B
1v2z,A
1v30,A
1v33,A
1v37,A
1v3r,A
1v3y,B
1v4p,C
1v4v,A
1v4x,B
1v4x,C
1v54,A
1v54,J
1v54,V
1v55,D
1v55,L
1v58,B
1v5d,A
1v5f,A
1v5i,B
1v5v,B
1v6s,A
1v6t,A
1v70,A
1v7p,C
1v7r,A
1v7w,A
1v7z,F
1v84,A
1v8c,C
1v8f,A
1v8h,A
1v8y,A
1v93,A
1v96,B
1v98,A
1v9f,A
1v9m,A
1v9y,B
1va0,A
1vbi,A
1vbk,B
1vbu,A
1vbw,A
1vc4,B
1vcd,A
1vch,C
1vcl,A
1vd1,A
1vd6,A
1vdk,B
1vdw,A
1ve1,A
1vef,B
1vf1,A
1vfr,B
1vfy,A
1vg8,C
1vgg,A
1vgy,B
1vh4,B
1vh5,A
1vhc,F
1vhe,A
1vhf,A
1vhn,A
1vhq,A
1vhs,A
1vht,B
1vhu,A
1vhv,A
1vhw,A
1vi4,A
1vi6,B
1vi9,D
1via,B
1vic,B
1vim,A
1vio,A
1vj2,A
1vje,A
1vjf,A
1vjk,A
1vjo,A
1vjv,A
1vjw,A
1vk1,A
1vk2,A
1vk4,A
1vk5,A
1vk8,B
1vkb,A
1vkc,A
1vke,F
1vkf,C
1vkh,A
1vki,A
1vkk,A
1vkm,C
1vkn,A
1vl1,A
1vl2,B
1vl4,A
1vl5,B
1vl7,A
1vla,C
1vlc,A
1vlj,A
1vlo,A
1vlp,C
1vlr,A
1vly,A
1vm0,A
1vm9,A
1vma,A
1vmb,A
1vme,B
1vmf,C
1vmg,A
1vmh,A
1vmj,A
1vp2,A
1vp4,B
1vp6,C
1vp8,A
1vpb,A
1vpd,A
1vph,E
1vpm,B
1vpr,A
1vps,A
1vq3,B
1vqe,A
1vqs,D
1vqu,A
1vqz,A
1vr5,B
1vr6,C
1vr7,B
1vr8,A
1vr9,B
1vrm,A
1vsr,A
1vyf,A
1vyi,A
1vyk,A
1vyo,A
1vzi,B
1vzm,B
1vzq,H
1vzw,A
1vzy,B
1w0d,A
1w0h,A
1w0n,A
1w0p,A
1w0u,A
1w1h,C
1w1q,A
1w2c,A
1w2i,B
1w2w,A
1w2w,F
1w2y,A
1w32,A
1w3i,A
1w3w,A
1w3y,A
1w41,A
1w4r,F
1w4s,A
1w4t,A
1w4v,B
1w4x,A
1w53,A
1w5r,B
1w66,A
1w6s,C
1w6s,D
1w70,A
1w7c,A
1w7x,L
1w8o,A
1w8u,A
1w96,B
1w99,A
1w9a,B
1w9i,A
1w9p,A
1w9s,A
1wa3,A
1wak,A
1wap,L
1wb0,A
1wb6,B
1wba,A
1wbe,A
1wbh,B
1wbi,H
1wbj,A
1wbj,B
1wbx,A
1wc2,A
1wc3,B
1wc9,A
1wcf,A
1wcg,B
1wck,A
1wcu,A
1wd3,A
1wdd,E
1wdd,S
1wdr,A
1wdv,B
1wdy,A
1weh,B
1wf3,A
1whi,A
1whz,A
1wj9,A
1wjx,A
1wka,A
1wko,A
1wkq,B
1wkr,A
1wku,B
1wkx,A
1wky,A
1wl4,A
1wl8,A
1wld,A
1wlg,B
1wlj,A
1wly,A
1wlz,C
1wm2,A
1wma,A
1wmd,A
1wmh,A
1wmw,A
1wmz,D
1wn2,A
1wna,A
1wny,A
1wo8,D
1wod,A
1wog,E
1woj,A
1woq,B
1wor,A
1wov,B
1wp5,A
1wpa,A
1wpn,B
1wpu,A
1wq8,A
1wqj,B
1wr8,B
1wrd,A
1wri,A
1wrm,A
1ws0,A
1ws8,A
1wst,A
1wt6,A
1wta,A
1wte,A
1wtj,A
1wto,A
1wu9,B
1wui,L
1wui,S
1wur,B
1wv3,A
1wve,D
1wvf,A
1wvq,A
1ww7,A
1wwi,A
1wwz,B
1wx1,B
1wxc,B
1wxi,A
1wxx,A
1wy1,A
1wy2,B
1wyx,B
1wz3,A
1wz8,A
1wzd,B
1wzn,B
1wzo,B
1wzz,A
1x0c,A
1x0j,A
1x0l,A
1x13,B
1x1i,A
1x1n,A
1x1o,B
1x2i,A
1x2t,C
1x38,A
1x3o,A
1x3s,A
1x3x,B
1x46,A
1x54,A
1x6i,A
1x6o,A
1x6x,X
1x7d,A
1x7v,B
1x82,A
1x88,A
1x8d,C
1x91,A
1x99,B
1x9d,A
1x9i,A
1x9q,A
1x9u,A
1xa4,A
1xbb,A
1xcr,A
1xd3,C
1xdn,A
1xdw,A
1xdz,A
1xe0,J
1xe7,C
1xeo,A
1xes,B
1xfi,A
1xfj,A
1xfk,A
1xfp,A
1xfs,A
1xg0,A
1xg0,B
1xg0,D
1xg2,A
1xg2,B
1xg4,A
1xg5,A
1xg7,B
1xgk,A
1xgs,A
1xhd,A
1xhk,B
1xhn,A
1xi3,A
1xiw,A
1xiw,H
1xiy,A
1xju,B
1xk4,H
1xk4,I
1xki,A
1xkn,A
1xkp,B
1xkp,C
1xky,B
1xkz,B
1xlq,C
1xm3,A
1xm8,A
1xmk,A
1xmp,B
1xmt,A
1xnf,A
1xng,B
1xnk,A
1xo5,A
1xo7,B
1xoc,A
1xod,A
1xov,A
1xph,A
1xpm,D
1xpp,C
1xqa,A
1xqf,A
1xql,A
1xqo,A
1xre,A
1xrf,A
1xrk,B
1xru,B
1xs5,A
1xso,B
1xsq,A
1xsv,B
1xsz,A
1xt5,A
1xta,A
1xtp,A
1xtt,C
1xty,B
1xu1,D
1xu1,T
1xu9,C
1xuq,B
1xv5,A
1xvg,C
1xvg,E
1xvo,A
1xvq,A
1xvw,B
1xvx,A
1xvy,A
1xw6,A
1xwt,A
1xwv,A
1xww,A
1xx1,C
1xxq,D
1xy7,B
1xyz,A
1xzz,A
1y02,A
1y07,C
1y08,A
1y0b,D
1y0h,A
1y0k,A
1y0m,A
1y0u,A
1y0y,A
1y12,A
1y1p,A
1y1x,A
1y20,A
1y2b,B
1y2m,C
1y2t,B
1y37,A
1y42,X
1y43,B
1y4c,A
1y4j,B
1y4w,A
1y51,A
1y55,X
1y55,Y
1y5e,A
1y5h,A
1y5i,B
1y60,E
1y63,A
1y66,C
1y67,A
1y6i,A
1y6x,A
1y71,A
1y7b,A
1y7p,B
1y7r,B
1y7t,B
1y7w,A
1y80,A
1y81,A
1y8a,A
1y9i,A
1y9l,A
1y9q,A
1y9w,B
1y9z,B
1yac,B
1yag,A
1yal,A
1yar,D
1yar,N
1yar,S
1yb0,B
1yb1,A
1yb3,A
1yb5,A
1ybi,B
1ybk,D
1ybx,B
1yby,B
1ybz,A
1yc5,A
1yc7,B
1yc9,A
1ycd,B
1yd3,A
1ydy,A
1ye8,A
1yfn,C
1yfu,A
1yg9,A
1yif,A
1yii,A
1yj7,A
1yk4,A
1ykd,A
1yki,B
1ylc,A
1yle,A
1ylh,A
1ylm,B
1ylx,B
1ym3,A
1ymd,A
1ymt,A
1yn3,B
1yn8,E
1yn9,A
1yna,A
1ynb,C
1ynh,B
1ynp,B
1yo3,A
1yoa,A
1yoc,B
1yoe,A
1yon,A
1yp1,A
1yph,E
1ypv,A
1yq2,C
1yqd,A
1yqe,A
1yqh,A
1yqv,H
1yqv,L
1yqw,B
1yqw,Q
1yqz,A
1yr2,A
1yrk,A
1ys1,X
1ysl,B
1ysq,A
1ysr,B
1yt3,A
1yt8,A
1ytq,A
1yu0,A
1yuz,B
1yvr,A
1yw5,A
1ywm,A
1yx1,A
1yxj,B
1yxm,B
1yxy,A
1yya,A
1yzf,A
1yzl,A
1yzm,A
1yzq,A
1yzx,A
1z06,A
1z08,C
1z0j,A
1z0j,B
1z0n,B
1z0s,C
1z15,A
1z1l,A
1z1s,A
1z21,A
1z2a,A
1z2n,X
1z2u,A
1z3e,A
1z3e,B
1z3q,A
1z3x,A
1z40,E
1z41,B
1z47,A
1z4j,A
1z4r,A
1z57,A
1z67,A
1z6m,A
1z6n,A
1z6o,D
1z6o,M
1z70,X
1z72,A
1z76,B
1z7a,D
1z7g,B
1z7x,W
1z7x,X
1z84,A
1z8g,A
1z8o,A
1z96,A
1z9l,A
1z9n,B
1z9t,A
1zar,A
1zb9,A
1zbf,A
1zc0,A
1zce,A
1zch,A
1zcv,A
1zcz,A
1zd0,A
1zd7,B
1zd8,A
1zdy,A
1zel,B
1zem,A
1zgd,B
1zgk,A
1zgz,D
1zh5,B
1zhh,A
1zhh,B
1zhq,A
1zhv,A
1zhx,A
1zi9,A
1zin,A
1zir,A
1zja,A
1zjc,A
1zjj,B
1zk4,A
1zk5,A
1zk7,A
1zkc,A
1zke,B
1zki,B
1zkj,A
1zkk,B
1zkl,A
1zko,B
1zkp,B
1zl0,B
1zld,A
1zlm,A
1zm8,A
1zma,A
1zn6,A
1zn8,A
1zo2,A
1zoi,B
1zos,C
1zov,A
1zpe,A
1zps,B
1zpv,A
1zpw,X
1zq9,B
1zr0,D
1zr3,B
1zr6,A
1zru,A
1zs4,D
1zs9,A
1zsw,A
1zsx,A
1zsy,A
1zt5,A
1zu3,A
1zua,X
1zuo,A
1zuu,A
1zuw,C
1zuy,A
1zv1,A
1zv8,I
1zv9,A
1zva,A
1zvt,A
1zwh,A
1zwx,A
1zwy,C
1zwz,A
1zx6,A
1zx8,C
1zxt,B
1zxx,A
1zy7,A
1zz0,A
1zzg,B
1zzk,A
1zzo,A
1zzw,A
256b,B
2a07,K
2a08,A
2a0m,A
2a0n,A
2a10,C
2a13,A
2a14,A
2a15,A
2a26,C
2a28,A
2a2a,B
2a2m,B
2a2n,C
2a2r,B
2a31,A
2a33,A
2a35,A
2a3n,A
2a40,E
2a47,A
2a4a,A
2a4d,A
2a4v,A
2a4x,A
2a53,C
2a5d,A
2a5j,A
2a5l,A
2a5s,A
2a61,C
2a6c,B
2a6s,B
2a6x,A
2a70,A
2a7l,B
2a84,A
2a8n,A
2a8y,C
2a9i,A
2a9s,A
2aa1,B
2aal,C
2aan,A
2aax,A
2ab0,A
2abk,A
2abs,A
2abw,B
2acf,D
2ad6,A
2ad6,D
2ae2,A
2aee,B
2aen,E
2aex,A
2ag4,B
2ag5,B
2agd,B
2agk,A
2ah5,A
2ah6,B
2ahe,A
2ahf,A
2ahn,A
2ahu,A
2aib,A
2aiu,A
2aj6,A
2aj7,A
2ajv,H
2ajv,L
2akz,B
2amj,B
2aml,B
2anv,A
2any,A
2ao9,D
2ap1,A
2ap3,A
2apg,A
2apj,C
2apo,A
2aps,B
2apx,A
2aq5,A
2aqm,A
2aqp,A
2ar1,A
2arc,B
2arr,A
2as0,A
2as9,B
2asd,A
2asf,A
2ash,B
2asu,B
2at8,X
2atb,A
2ate,A
2atv,A
2au7,A
2avd,B
2avk,A
2awx,A
2axc,A
2axq,A
2axw,B
2axy,A
2ayd,A
2azw,A
2b00,A
2b06,A
2b0a,A
2b0t,A
2b0v,A
2b1k,A
2b1v,A
2b1y,A
2b3f,D
2b3g,A
2b3h,A
2b49,A
2b4g,C
2b4v,A
2b4y,A
2b4z,A
2b58,A
2b5a,A
2b5h,A
2b5w,A
2b61,A
2b69,A
2b6e,H
2b6h,A
2b6n,A
2b7k,A
2b7r,A
2b82,A
2b8m,A
2b94,A
2b9e,A
2b9h,A
2b9w,A
2ba2,C
2bay,E
2bba,A
2bbe,A
2bbr,A
2bcg,G
2bcg,Y
2bcm,B
2bcr,A
2bd0,D
2bdr,A
2bei,B
2bek,D
2bem,A
2beq,D
2bez,C
2bf6,A
2bff,A
2bff,B
2bfw,A
2bg1,A
2bgs,A
2bh4,X
2bh8,B
2bhz,A
2bi0,A
2big,B
2bii,B
2bik,B
2biv,B
2bjd,B
2bjf,A
2bji,A
2bjq,A
2bjr,A
2bjv,A
2bk9,A
2bka,A
2bkf,A
2bkg,B
2bkl,B
2bkm,B
2bko,A
2bkr,A
2bkx,A
2bky,B
2bky,Y
2bl0,A
2bl0,B
2bl8,B
2ble,A
2blf,A
2blf,B
2bln,B
2bm3,A
2bme,B
2bmo,A
2bmo,B
2bnm,B
2bnu,B
2bo1,A
2bo4,F
2bo9,C
2bo9,D
2bog,X
2boo,A
2boy,C
2bpd,B
2bpq,A
2bqx,A
2br9,A
2brf,A
2brj,A
2brr,L
2brr,Y
2bry,B
2bsj,A
2bt2,D
2bt6,A
2bt9,A
2bu3,B
2buu,A
2buw,B
2bv2,B
2bv4,A
2bw0,A
2bw4,A
2bw8,A
2bwf,A
2bwl,A
2bwq,A
2bwr,B
2byg,A
2bz1,A
2bz6,H
2bzg,A
2bzl,A
2bzv,A
2c07,A
2c0c,A
2c0d,B
2c0g,B
2c0h,A
2c0n,A
2c0r,B
2c0z,A
2c15,A
2c1d,A
2c1d,D
2c1i,A
2c1s,A
2c1v,B
2c1z,A
2c29,F
2c2i,B
2c2n,A
2c2p,A
2c2u,A
2c30,A
2c3b,B
2c3f,A
2c3n,C
2c3v,A
2c41,F
2c42,B
2c43,A
2c46,C
2c4e,A
2c4f,T
2c4j,D
2c4n,A
2c53,A
2c5a,B
2c5q,E
2c60,A
2c61,A
2c6q,B
2c6u,A
2c6z,A
2c71,A
2c78,A
2c7p,A
2c7s,A
2c81,A
2c82,B
2c8h,D
2c8m,A
2c92,D
2c95,B
2c9i,D
2c9j,F
2c9q,A
2c9w,A
2c9w,C
2cal,A
2car,B
2cay,A
2cb0,A
2cb2,E
2cb5,A
2cb8,A
2cb9,A
2cbz,A
2cc0,B
2cc6,A
2cch,B
2ccj,B
2ccq,A
2ccw,A
2cdc,A
2cdn,A
2cdp,C
2cdu,B
2cf7,C
2cfe,A
2cft,A
2cfu,A
2cg1,A
2cg7,A
2cgh,A
2cgq,A
2ch5,B
2chc,B
2chh,A
2ci0,A
2ci9,B
2cia,A
2cir,A
2ciu,A
2ciw,A
2cj3,A
2cj4,A
2cjj,A
2cjl,B
2cjp,A
2cjs,C
2cjt,A
2cjz,A
2ck3,B
2ck3,E
2ckf,D
2ckk,A
2cks,A
2cm4,A
2cm5,A
2cmj,B
2cmt,A
2cmw,A
2cn0,H
2cn3,B
2cnq,A
2cnz,A
2cov,I
2cs7,A
2cu5,A
2cul,A
2cvd,D
2cve,A
2cvi,B
2cvl,C
2cvz,D
2cw5,B
2cw9,A
2cwa,A
2cwd,A
2cwi,B
2cwq,B
2cwr,A
2cws,A
2cwy,A
2cwz,D
2cx1,A
2cx7,A
2cxa,A
2cxh,A
2cxi,B
2cxk,E
2cxn,B
2cxx,B
2cxy,A
2cye,C
2cyg,A
2cyy,A
2cz2,A
2cz4,A
2czd,A
2czl,A
2czq,B
2czw,A
2d03,H
2d0i,B
2d16,A
2d1c,A
2d1g,A
2d1l,B
2d1s,A
2d1x,A
2d1y,C
2d1z,A
2d29,A
2d2e,A
2d2r,B
2d37,A
2d3d,A
2d3n,A
2d4n,A
2d4p,A
2d4v,C
2d52,B
2d5b,A
2d5c,A
2d5k,C
2d5m,A
2d5w,B
2d5x,B
2d5z,B
2d68,B
2d69,A
2d6m,A
2d73,A
2d7t,H
2d7t,L
2d7v,A
2d81,A
2d8d,B
2db7,A
2dbn,A
2dbq,A
2dby,A
2dc1,B
2dc3,A
2dc4,B
2dc5,B
2dd7,A
2ddb,C
2ddd,A
2ddr,A
2ddx,A
2de3,A
2de6,A
2de6,F
2deb,B
2dej,A
2dep,A
2dfa,A
2dfb,A
2dfd,C
2dg1,C
2dg5,C
2dga,A
2dge,B
2dgk,A
2dho,A
2dka,A
2dkh,A
2dkj,A
2dko,A
2dlb,A
2dm9,B
2dok,A
2dp6,A
2dp9,A
2dpf,D
2dpl,A
2dpm,A
2dqa,A
2dqc,H
2dql,A
2dqu,H
2dr1,B
2dri,A
2drm,B
2ds2,D
2ds5,A
2dsj,B
2dsn,B
2dsx,A
2dsy,C
2dt4,A
2dt8,A
2dtc,B
2dtj,A
2dtx,A
2dur,A
2duy,A
2dvm,B
2dvx,B
2dwc,A
2dwu,A
2dx6,A
2dxa,A
2dxe,B
2dxq,A
2dy0,A
2dy1,A
2dyj,B
2dyk,A
2dyr,K
2dyu,A
2dze,A
2e01,A
2e0a,A
2e0q,A
2e0t,A
2e10,B
2e11,B
2e1n,B
2e1v,B
2e1z,A
2e27,H
2e27,L
2e2o,A
2e2r,A
2e3a,A
2e3h,A
2e3p,B
2e3z,B
2e42,A
2e4q,C
2e4t,A
2e5f,A
2e5y,B
2e6f,A
2e6u,X
2e7a,C
2e7u,A
2e7z,A
2e85,A
2e8e,A
2e8v,B
2e9m,A
2e9s,B
2e9y,B
2ea3,A
2eab,A
2eb4,B
2ebb,A
2ebo,C
2ecs,A
2ecu,A
2eek,A
2een,B
2eeo,B
2eey,A
2efr,B
2efv,A
2eg1,A
2eg3,A
2egd,B
2egj,A
2egu,A
2egv,A
2egx,A
2egz,A
2eh3,A
2eh6,A
2ehg,A
2ehp,A
2ehq,A
2eht,A
2ehz,A
2ei5,B
2eiq,B
2eix,A
2eiy,B
2ej8,A
2eja,B
2ejn,B
2eju,A
2ejw,A
2ejx,A
2ekg,A
2ekp,A
2eky,C
2elc,B
2elf,A
2end,A
2eng,A
2eo4,A
2eo5,A
2epj,A
2epl,X
2eq6,B
2eqa,A
2erf,A
2erw,A
2erx,A
2ery,B
2es2,A
2es4,D
2esr,B
2ess,A
2et1,A
2etb,A
2etj,A
2etv,A
2etx,A
2eu7,X
2eu9,A
2eut,A
2ev0,B
2ev1,A
2evb,A
2eve,A
2evf,A
2evr,A
2ew0,A
2ewh,A
2ewt,A
2ex0,B
2ex2,A
2ex4,A
2exh,D
2exr,A
2exv,A
2eyi,A
2ez9,A
2f02,B
2f0a,A
2f0c,A
2f1k,B
2f22,B
2f23,B
2f2b,A
2f2e,B
2f2q,A
2f37,A
2f3b,A
2f46,A
2f4p,B
2f51,A
2f57,A
2f5g,B
2f5t,X
2f5v,A
2f5x,A
2f60,K
2f64,B
2f68,X
2f6e,A
2f6q,B
2f6r,A
2f6u,A
2f71,A
2f7b,A
2f7v,A
2f8a,A
2f91,A
2f99,C
2f9i,C
2f9i,D
2f9n,B
2f9s,B
2f9w,B
2fa5,B
2fa8,A
2faf,A
2fao,B
2fb5,A
2fb6,A
2fba,A
2fbd,A
2fbn,A
2fbq,A
2fc3,A
2fcb,A
2fcf,A
2fcl,A
2fco,B
2fcr,A
2fct,A
2fcw,A
2fcw,B
2fd5,A
2fdd,B
2fdn,A
2fds,A
2fdv,A
2fdx,A
2fe3,A
2fe5,A
2fe8,A
2fef,B
2fex,A
2ff4,A
2ffc,A
2ffu,A
2ffy,B
2fg1,A
2fgb,A
2fgo,A
2fgr,A
2fhf,A
2fhp,A
2fhx,B
2fhz,A
2fhz,B
2fi1,A
2fi9,A
2fj8,A
2fk9,A
2fkk,A
2fl4,A
2fl7,A
2flh,B
2fli,A
2fm6,A
2fma,A
2fmm,C
2fmp,A
2fn0,A
2fn3,A
2fn4,A
2fn9,B
2fnc,A
2fne,A
2fnu,A
2fo3,A
2foj,A
2fom,A
2fom,B
2fos,A
2foz,A
2fp1,A
2fp7,A
2fp7,B
2fpe,A
2fpq,A
2fpx,B
2fq3,A
2fq4,A
2fqp,C
2fqw,A
2fr2,A
2fr5,C
2fre,A
2frg,P
2fsj,A
2fsq,A
2fsr,A
2fsx,A
2ft0,A
2ftr,B
2ftx,A
2ftx,B
2ftz,A
2fu0,A
2fu4,A
2fue,A
2fuk,A
2ful,A
2fup,A
2fur,B
2fv8,A
2fvh,A
2fvv,A
2fvy,A
2fwh,A
2fwv,A
2fx7,H
2fx7,L
2fyf,A
2fyg,A
2fym,D
2fyq,A
2fyx,A
2fzp,A
2fzv,B
2fzw,B
2g0c,A
2g0i,B
2g0w,A
2g1p,A
2g1u,A
2g2c,A
2g2n,C
2g30,A
2g3a,A
2g40,A
2g45,D
2g5c,D
2g5r,A
2g5x,A
2g64,A
2g6f,X
2g6y,C
2g76,A
2g7o,A
2g7s,A
2g81,I
2g82,P
2g84,A
2g8o,B
2g8s,B
2g9f,A
2g9w,A
2ga4,A
2ga4,D
2ga8,A
2gag,A
2gag,B
2gag,C
2gai,B
2gas,A
2gau,A
2gax,A
2gb4,B
2gb7,D
2gbj,A
2gbt,A
2gbw,E
2gc4,B
2gc4,L
2gc6,A
2gci,A
2gco,A
2gcu,C
2gdq,B
2gdz,A
2gec,A
2gen,A
2gew,A
2gey,D
2gf0,A
2gf3,B
2gf6,D
2gf9,A
2gff,A
2gfh,A
2gfn,B
2gfq,B
2gg2,A
2gg6,A
2gh0,B
2gh0,D
2gh9,A
2gha,A
2ghs,A
2gi3,A
2gia,B
2gib,B
2gig,A
2giy,A
2gj3,A
2gj4,A
2gj8,A
2gjd,C
2gjp,A
2gjs,B
2gke,A
2gkm,B
2gko,A
2gkp,A
2gkr,I
2gl5,A
2glz,B
2gm6,A
2gmq,A
2gmy,E
2gn0,C
2gn4,B
2gnc,A
2gok,A
2gom,A
2gou,A
2gpc,B
2gpe,B
2gpi,A
2gq0,A
2gq1,A
2gqp,B
2gqt,A
2gqw,A
2grc,A
2grr,B
2gs5,A
2gs8,A
2gsd,A
2gso,B
2gsv,B
2gte,A
2gtr,A
2gu2,B
2gu3,A
2gud,B
2guh,A
2gui,A
2guv,C
2guy,A
2gvi,A
2gvk,A
2gvn,F
2gw3,B
2gwg,B
2gwh,A
2gwm,A
2gwn,A
2gx5,D
2gxg,A
2gyq,B
2gz1,B
2gz4,A
2gze,A
2gzg,B
2gzq,A
2gzv,A
2h0u,A
2h12,A
2h17,A
2h18,A
2h1c,A
2h1r,A
2h1t,B
2h1v,A
2h26,A
2h2b,A
2h2r,B
2h2z,A
2h30,A
2h3h,A
2h3l,A
2h4p,A
2h4v,B
2h54,B
2h58,A
2h5c,A
2h62,A
2h64,B
2h6e,A
2h6f,A
2h6f,B
2h6n,A
2h6u,G
2h88,A
2h88,B
2h88,D
2h88,P
2h8e,A
2h8g,B
2h8o,A
2h9b,A
2h9d,B
2h9f,A
2h9h,A
2ha8,B
2hai,A
2han,A
2hax,B
2haz,A
2hb5,A
2hba,A
2hbo,A
2hbv,A
2hbw,A
2hc1,A
2hc8,A
2hc9,A
2hcf,A
2hd9,A
2hda,A
2hdo,A
2he0,A
2he2,A
2he4,A
2hei,B
2hej,A
2hek,B
2heu,B
2hew,F
2hf1,B
2hf2,B
2hf9,A
2hff,H
2hfk,A
2hfn,H
2hfs,B
2hgx,B
2hhc,A
2hhg,A
2hhj,A
2hhv,A
2hi0,A
2hin,B
2hiy,A
2hjh,A
2hjv,A
2hke,B
2hkv,A
2hl7,A
2hlc,A
2hlr,A
2hls,A
2hlv,A
2hly,A
2hlz,A
2hmc,A
2hmj,A
2hmj,B
2hmq,D
2hng,A
2hor,A
2hos,B
2hp0,A
2hpg,B
2hps,A
2hpw,A
2hq1,A
2hq2,A
2hq4,A
2hq6,A
2hq9,B
2hqh,C
2hqk,A
2hqq,A
2hqs,D
2hqs,H
2hqt,S
2hqy,A
2hra,A
2hrb,A
2hrv,B
2hrz,A
2hsa,A
2hsb,A
2hsi,A
2hsj,D
2hsz,B
2ht9,B
2hta,A
2htd,A
2hts,A
2hu9,A
2huh,A
2huj,A
2hur,B
2hv8,A
2hv8,E
2hvm,A
2hvw,C
2hw4,A
2hwn,D
2hx5,A
2hxi,B
2hxm,A
2hxp,A
2hxs,A
2hxt,A
2hxv,A
2hxw,A
2hy5,A
2hy5,B
2hy7,A
2hyk,A
2hyt,A
2hyv,A
2hyx,D
2hze,B
2hzl,B
2hzr,A
2hzy,B
2i02,A
2i0k,A
2i0q,A
2i0z,A
2i13,B
2i1n,A
2i24,N
2i2o,A
2i2q,A
2i33,B
2i3d,A
2i3f,A
2i49,A
2i4a,A
2i4v,B
2i51,A
2i5c,C
2i5i,B
2i5r,B
2i5u,A
2i5v,O
2i61,A
2i62,D
2i6c,A
2i6d,A
2i6g,B
2i6h,A
2i6v,A
2i71,B
2i7a,A
2i7c,C
2i7d,A
2i7f,B
2i7g,B
2i8d,B
2i8g,A
2i8t,B
2i9a,D
2i9i,A
2i9x,A
2ia1,A
2ia7,A
2iai,A
2iax,A
2iay,A
2ib5,A
2ib8,A
2ibd,A
2ibj,A
2ibl,A
2ibn,A
2ibp,B
2ic2,B
2ic5,A
2ic6,A
2ic7,B
2icc,A
2icg,A
2ici,A
2icr,A
2ict,A
2icu,A
2icx,A
2id3,B
2id4,A
2id6,A
2idl,B
2ie2,A
2ie6,A
2iel,A
2ieq,A
2if6,A
2ifc,C
2ifq,C
2ig6,A
2ig8,A
2igd,A
2igi,A
2igp,A
2igv,A
2igx,A
2ih3,B
2ih3,C
2ih5,A
2ihd,A
2ihy,B
2ii1,D
2ii2,A
2iia,A
2iid,A
2ij2,A
2ijh,A
2ijq,A
2ijx,D
2ikb,B
2iks,A
2im9,A
2imf,A
2imh,B
2imi,B
2imj,C
2iml,C
2imq,X
2imr,A
2ims,A
2imz,B
2in3,A
2in8,A
2inb,A
2inc,A
2inc,B
2inw,B
2ion,A
2ior,A
2ioy,B
2ip1,A
2ip2,B
2ip6,A
2ipr,B
2ipu,H
2ipx,A
2iq7,A
2iqj,A
2iqy,A
2iru,B
2is8,A
2is9,A
2isa,H
2isb,A
2it1,A
2it9,C
2iu5,A
2ium,A
2iuw,A
2ivf,A
2ivf,B
2ivn,A
2ivx,A
2ivy,A
2iw0,A
2iw1,A
2iw2,B
2iwk,A
2iwn,A
2iwo,B
2iwr,A
2iwz,A
2ix4,B
2ixc,A
2ixd,B
2ixk,A
2ixm,A
2iy9,A
2iya,A
2iyf,A
2iyv,A
2iz6,B
2izr,A
2izz,B
2j05,A
2j0i,A
2j0v,C
2j13,A
2j1a,A
2j1g,B
2j1p,B
2j1q,A
2j1s,A
2j23,A
2j27,A
2j2j,F
2j3x,A
2j41,D
2j43,B
2j5g,A
2j5i,F
2j5y,A
2j5z,C
2j66,A
2j6a,A
2j6b,A
2j6f,A
2j6g,A
2j6i,A
2j6l,F
2j6v,B
2j73,B
2j78,B
2j7j,A
2j7p,E
2j7q,C
2j7u,A
2j7y,A
2j7z,A
2j80,A
2j82,A
2j8b,A
2j8g,A
2j8h,A
2j8k,A
2j8m,A
2j8w,A
2j91,A
2j97,A
2j9c,B
2j9o,B
2j9w,A
2ja2,A
2jab,C
2jae,B
2jaf,A
2jah,A
2jam,A
2jar,A
2jay,A
2jb0,A
2jba,B
2jbh,B
2jbv,A
2jc4,A
2jc5,A
2jc9,A
2jcb,A
2jcq,A
2jda,A
2jdd,A
2jdf,A
2jdk,D
2je3,A
2je4,A
2je6,A
2je6,B
2je7,A
2je8,B
2jek,A
2jen,A
2jep,B
2jer,F
2jfg,A
2jft,A
2jfv,A
2jg0,A
2jg6,A
2jgb,A
2jgn,B
2jgs,C
2jh1,A
2jhf,B
2jhn,B
2jhq,A
2ji7,A
2jig,B
2jik,A
2jil,A
2jis,A
2jjf,A
2jjn,A
2jjq,A
2jjs,C
2jju,B
2jjw,A
2jk9,A
2jkb,A
2jkg,A
2jkh,A
2jko,A
2jl1,A
2jli,A
2jlp,A
2jlq,A
2lis,A
2mnr,A
2ngr,A
2nl9,A
2nli,A
2nlr,A
2nlv,B
2nm0,B
2nml,A
2nmu,A
2nmx,A
2nn5,A
2nn8,A
2nnd,A
2nnr,A
2nnu,A
2no4,A
2noo,A
2np5,B
2npn,A
2npt,C
2npt,D
2nq3,A
2nql,B
2nqt,B
2nqw,A
2nr4,A
2nr5,C
2nr7,A
2nrk,A
2nrr,A
2ns1,B
2nsa,A
2nsf,A
2nsq,A
2nsz,A
2nt4,A
2ntp,A
2nug,B
2nuh,A
2nuk,A
2nuw,A
2nv0,B
2nva,B
2nw0,A
2nw2,B
2nw8,B
2nwh,A
2nwv,A
2nx0,A
2nx4,C
2nxb,B
2nxf,A
2nxv,A
2nxw,A
2nyb,A
2nyi,B
2nyn,C
2nyu,A
2nz7,A
2nzc,A
2nzh,A
2o02,B
2o07,B
2o08,A
2o0a,A
2o0b,A
2o0m,A
2o11,A
2o16,A
2o1a,A
2o1c,B
2o1k,B
2o1q,B
2o20,F
2o23,B
2o28,A
2o2c,C
2o2g,A
2o2k,A
2o2p,D
2o2v,B
2o2x,A
2o30,A
2o36,A
2o37,A
2o38,A
2o3f,B
2o3h,A
2o4a,A
2o4d,A
2o4j,A
2o4t,A
2o4v,B
2o57,C
2o5f,B
2o5g,A
2o5u,A
2o62,A
2o66,A
2o6f,A
2o6l,A
2o6p,A
2o6s,A
2o6x,A
2o6y,G
2o74,F
2o7i,A
2o7r,A
2o88,A
2o8p,A
2o8q,A
2o90,A
2o9c,A
2o9s,A
2oa2,A
2oaa,B
2oai,A
2ob0,A
2ob3,B
2ob5,A
2obi,A
2obl,A
2obp,A
2oc3,A
2oc5,A
2oc6,A
2ocg,A
2ocs,A
2ocz,A
2od0,B
2od4,A
2od5,A
2od6,C
2oda,B
2odf,E
2odi,B
2odk,C
2odl,A
2oe3,A
2oeb,A
2oem,A
2ofc,A
2ofk,A
2ofz,A
2og1,A
2og5,A
2og9,B
2ogf,B
2ogi,A
2ogr,B
2ogx,A
2oh1,D
2oh5,A
2ohw,B
2oif,B
2oik,D
2oix,A
2oiz,B
2oiz,D
2oj6,C
2ojh,A
2ok0,H
2okf,B
2okl,B
2okm,A
2okq,A
2okt,A
2oku,A
2ol1,B
2olm,A
2oln,A
2olp,A
2olr,A
2omk,A
2oml,A
2omo,G
2omw,B
2omy,B
2omz,A
2on5,A
2on8,A
2onf,B
2oo0,A
2oo1,B
2ooa,A
2ooc,B
2ooj,B
2ook,A
2ooq,A
2op3,A
2op6,A
2opc,A
2opg,B
2opj,A
2opl,B
2opo,D
2opw,A
2oqa,B
2oqb,A
2oqe,B
2oqg,B
2oqh,D
2oqk,A
2oqm,D
2oqx,A
2oqz,A
2or7,A
2ord,B
2orw,A
2os0,A
2os5,A
2os9,B
2osa,A
2oso,A
2oss,A
2osv,B
2osx,A
2ot9,A
2otm,B
2otu,B
2otu,E
2ou3,A
2ou5,B
2ou6,A
2oua,A
2oui,A
2ous,A
2ouw,A
2ov0,A
2ov9,C
2ovj,A
2ow9,B
2ows,A
2ox0,A
2ox4,H
2ox6,B
2ox7,B
2oxc,A
2oxg,A
2oxg,Y
2oxl,B
2oxn,A
2oy2,F
2oy7,A
2oy9,B
2oya,B
2oyn,A
2oyo,A
2oyp,A
2oze,A
2ozf,A
2ozh,A
2ozl,A
2ozn,A
2ozn,B
2ozt,A
2ozv,A
2p02,A
2p09,A
2p0a,B
2p0f,A
2p0k,A
2p0n,A
2p0s,A
2p0u,A
2p0w,B
2p12,A
2p13,A
2p14,A
2p17,A
2p18,A
2p1g,B
2p1m,B
2p1t,A
2p25,A
2p2d,C
2p2r,A
2p2s,A
2p2v,A
2p2w,A
2p35,B
2p39,A
2p3e,A
2p3h,A
2p3p,B
2p3w,A
2p41,A
2p45,B
2p4d,A
2p4e,P
2p4h,X
2p4k,A
2p4m,F
2p4o,A
2p4u,A
2p51,A
2p52,A
2p54,A
2p57,A
2p58,A
2p58,C
2p5k,A
2p5v,G
2p5y,A
2p65,A
2p67,A
2p68,A
2p6h,B
2p6w,A
2p6x,A
2p6y,A
2p6z,A
2p74,A
2p7i,B
2p7m,D
2p86,A
2p8b,A
2p8e,B
2p8g,A
2p8i,D
2p8t,A
2p8v,A
2p92,B
2p97,B
2p9b,A
2p9w,A
2p9x,D
2pa1,A
2pa5,A
2pa6,B
2pa7,B
2pag,A
2pb2,B
2pbc,C
2pbd,P
2pbi,C
2pbi,D
2pbk,B
2pbl,A
2pbp,A
2pbq,B
2pc1,A
2pc8,A
2pcj,B
2pcn,A
2pcx,A
2pd1,B
2pdr,B
2peb,B
2pef,A
2pet,A
2pez,B
2pf5,A
2pfe,B
2pfi,A
2pfr,A
2pfx,A
2pfz,A
2pg0,B
2pge,A
2pgf,A
2pgo,A
2pgw,F
2pgz,A
2ph0,B
2ph3,A
2phn,A
2phx,B
2pi6,A
2pie,A
2pij,A
2piy,B
2pjs,B
2pjz,A
2pk3,A
2pk8,A
2pke,A
2pkf,A
2pkh,H
2pko,A
2pkt,A
2pl1,A
2pli,A
2plj,A
2pln,A
2plq,A
2plr,A
2plt,A
2plw,A
2pma,A
2pmb,C
2pmk,A
2pmq,A
2pmr,A
2pmu,D
2pn0,B
2pn2,A
2pn6,A
2pn8,B
2pnd,A
2pns,A
2pnw,A
2pnx,A
2pny,A
2poc,A
2poi,A
2pok,B
2por,A
2pos,D
2poy,A
2ppp,A
2ppt,B
2pq7,A
2pq8,A
2pqm,B
2pqr,B
2pqr,D
2pqt,A
2pqv,A
2pqx,A
2pr5,A
2pr7,B
2prb,A
2prv,A
2prz,D
2ps2,A
2psd,A
2psp,B
2pst,X
2pt0,B
2pth,A
2ptt,B
2ptv,A
2ptz,A
2pu3,A
2pu9,A
2pu9,B
2pur,A
2pv2,A
2pv4,A
2pvb,A
2pve,B
2pvj,A
2pvq,A
2pvx,G
2pw0,A
2pwy,A
2pxx,A
2py4,A
2py5,A
2pyq,B
2pyt,A
2pyw,A
2pyx,A
2pz0,B
2pzb,A
2pze,B
2pzh,B
2q03,A
2q0l,A
2q0s,G
2q0t,C
2q0u,A
2q0y,A
2q12,A
2q16,B
2q1h,A
2q1u,B
2q20,B
2q24,A
2q28,A
2q2a,D
2q2f,A
2q2g,A
2q2h,A
2q2v,B
2q30,E
2q35,A
2q3b,A
2q3g,A
2q3h,A
2q3x,B
2q5c,A
2q5x,A
2q62,G
2q66,A
2q6k,A
2q73,C
2q79,A
2q7d,A
2q7e,A
2q7w,A
2q86,A
2q86,B
2q87,A
2q88,A
2q8g,A
2q8k,A
2q8n,C
2q8p,A
2q8r,G
2q8w,A
2q9k,A
2q9o,B
2q9r,A
2q9u,A
2qa1,A
2qa9,E
2qac,A
2qap,A
2qb7,A
2qbw,A
2qc5,A
2qck,A
2qcv,A
2qd6,A
2qde,F
2qdx,A
2qe6,B
2qe8,A
2qe9,A
2qec,A
2qed,A
2qee,F
2qeu,C
2qev,A
2qf4,B
2qf9,A
2qfa,A
2qfa,B
2qfa,C
2qfe,A
2qff,A
2qfo,B
2qfs,A
2qg1,A
2qg3,A
2qgu,A
2qgy,B
2qh9,A
2qhk,A
2qhl,B
2qho,B
2qhp,A
2qhq,B
2qhs,A
2qia,A
2qib,A
2qif,A
2qih,B
2qik,A
2qim,A
2qip,A
2qis,A
2qiw,A
2qiy,B
2qjv,B
2qjw,B
2qjx,A
2qk1,A
2qkf,C
2qkh,A
2qkp,C
2ql8,B
2qlt,A
2qlw,B
2qm0,B
2qm8,A
2qma,B
2qmc,A
2qmc,D
2qmj,A
2qml,A
2qmm,A
2qmq,A
2qn0,A
2qnd,A
2qng,A
2qni,A
2qnk,A
2qnl,A
2qnt,A
2qnw,A
2qo4,A
2qod,A
2qor,A
2qpn,B
2qpw,A
2qpx,A
2qq4,B
2qq5,A
2qqi,A
2qqj,A
2qr3,A
2qr6,A
2qrl,A
2qrr,B
2qru,A
2qrw,I
2qs9,A
2qsa,A
2qsb,A
2qsi,A
2qsk,A
2qsp,D
2qsq,B
2qss,C
2qsw,A
2qsx,A
2qt1,A
2qt6,B
2qt7,B
2qt8,A
2qtd,A
2qtq,A
2qtz,A
2qub,I
2qud,A
2qul,C
2quo,A
2quy,H
2qv5,A
2qvb,A
2qvg,A
2qvk,A
2qvo,A
2qvu,B
2qw5,B
2qwc,A
2qwl,A
2qwo,B
2qwu,A
2qx0,A
2qx2,A
2qx8,B
2qxf,A
2qxi,A
2qxy,B
2qy1,B
2qy9,A
2qyc,B
2qym,A
2qzc,A
2qzq,A
2qzt,B
2r01,A
2r0b,A
2r0c,A
2r0h,C
2r0x,A
2r0y,A
2r11,A
2r14,A
2r16,A
2r1b,B
2r1i,A
2r1j,R
2r1x,B
2r2a,A
2r2c,B
2r2d,A
2r2q,B
2r2y,A
2r2z,A
2r31,A
2r37,A
2r3b,B
2r47,A
2r48,A
2r4g,A
2r4i,D
2r4q,A
2r4v,A
2r5o,B
2r5t,A
2r5u,D
2r6j,B
2r6o,B
2r6u,B
2r6v,A
2r6z,B
2r75,1
2r77,A
2r78,A
2r7h,A
2r80,B
2r80,C
2r84,B
2r8e,E
2r8n,A
2r8o,A
2r8q,A
2r8w,B
2r99,A
2r9f,A
2ra2,C
2ra3,B
2ra4,A
2ra6,B
2ra9,A
2raf,C
2ras,A
2rau,A
2rb7,B
2rbb,A
2rbc,A
2rbd,A
2rbg,B
2rbk,A
2rc3,A
2rc8,B
2rcb,A
2rcc,B
2rci,A
2rcq,A
2rcv,E
2rcz,B
2rdc,B
2rdh,C
2rdm,A
2rdq,A
2rdu,A
2rdz,A
2re2,A
2ree,A
2reg,A
2rei,A
2rek,A
2rem,B
2rer,A
2rff,A
2rfg,A
2rfi,B
2rfm,B
2rfq,B
2rfr,A
2rfv,A
2rgq,B
2rh0,B
2rh2,A
2rh3,A
2rhf,A
2rhi,A
2rhk,B
2rhk,C
2rhm,B
2ri0,B
2ri7,A
2ri9,A
2rij,A
2rik,A
2ril,A
2riq,A
2ris,A
2rji,A
2rjw,A
2rk3,A
2rk5,A
2rk9,B
2rkg,A
2rkl,A
2rkq,A
2rku,A
2rkv,A
2rky,C
2rld,D
2rmc,C
2sak,A
2sec,I
2sga,A
2sn3,A
2tnf,B
2uur,A
2uuu,C
2uuy,B
2uv4,A
2uvj,A
2uvk,A
2uvl,B
2uvo,B
2uw1,A
2uwa,A
2uxq,A
2uxw,A
2uxy,A
2uy2,A
2uyk,B
2uyq,A
2uyt,A
2uyw,A
2uyz,A
2uyz,B
2uz0,A
2uz1,D
2uzc,C
2uzj,B
2v03,A
2v05,A
2v09,A
2v0c,A
2v0h,A
2v0p,A
2v0s,A
2v0u,A
2v1e,A
2v1m,A
2v1o,B
2v1q,A
2v1w,B
2v1z,A
2v25,A
2v26,A
2v27,A
2v2f,F
2v2g,C
2v2k,B
2v33,B
2v36,D
2v3f,B
2v3g,A
2v3q,A
2v3s,A
2v3z,A
2v40,A
2v4n,A
2v4v,A
2v4x,A
2v57,C
2v5i,A
2v5j,A
2v5z,A
2v62,A
2v6a,O
2v6k,B
2v6u,A
2v6v,B
2v6x,A
2v6x,B
2v76,A
2v7b,A
2v7f,A
2v7k,A
2v7s,A
2v7w,C
2v84,A
2v89,A
2v8b,A
2v8f,B
2v8i,A
2v8o,A
2v8u,A
2v94,A
2v9b,A
2v9m,A
2v9t,B
2v9v,A
2vac,A
2vad,A
2vae,D
2vap,A
2vb1,A
2vba,D
2vbf,A
2vbk,A
2vc3,A
2vc8,A
2vch,A
2vck,D
2vd8,A
2vdx,A
2vdz,A
2ve8,E
2veb,A
2vec,A
2vef,A
2vfk,A
2vfq,A
2vfr,A
2vfx,C
2vg1,B
2vg3,C
2vgp,B
2vgp,D
2vgx,A
2vh3,A
2vha,B
2vhj,A
2vi1,A
2vi8,A
2vid,A
2vif,A
2vig,A
2vj0,A
2vjp,B
2vjv,B
2vk2,A
2vk8,C
2vkj,A
2vkl,A
2vkp,B
2vkv,A
2vla,A
2vlf,B
2vlg,B
2vli,B
2vlu,A
2vm2,C
2vm5,A
2vmc,A
2vmi,A
2vn4,A
2vn6,A
2vn6,B
2vnd,A
2vng,A
2vnk,C
2vnl,A
2vnz,X
2vo4,A
2vo8,A
2vo9,B
2voa,A
2voc,A
2vof,A
2vov,A
2voz,A
2vpa,A
2vpg,A
2vph,B
2vpj,A
2vpn,A
2vpt,A
2vq2,A
2vq4,A
2vq8,A
2vqg,D
2vqp,A
2vqq,B
2vqr,A
2vqx,A
2vre,A
2vri,A
2vro,B
2vrs,C
2vrw,B
2vs0,A
2vsm,A
2vsm,B
2vsv,A
2vtc,B
2vtf,B
2vu1,A
2vuj,A
2vun,B
2vuo,A
2vuv,A
2vuw,A
2vv6,D
2vve,A
2vvh,B
2vvm,A
2vvp,B
2vvt,B
2vvw,A
2vw8,A
2vwf,A
2vwr,A
2vws,C
2vwy,A
2vx5,A
2vxg,B
2vxk,A
2vxn,A
2vxq,A
2vxr,A
2vxt,H
2vxt,I
2vxt,L
2vxv,H
2vxv,L
2vxw,A
2vxy,A
2vxz,A
2vyo,A
2vyq,A
2vyw,A
2vyx,C
2vz5,A
2vzc,A
2vzm,A
2vzp,B
2w0i,A
2w0p,B
2w15,A
2w1j,B
2w1p,A
2w1r,A
2w1s,A
2w1v,A
2w1z,B
2w20,A
2w2b,B
2w2j,A
2w2k,A
2w2r,A
2w31,B
2w39,A
2w3g,A
2w3j,A
2w3p,B
2w3q,A
2w3v,A
2w3x,A
2w3z,A
2w40,A
2w43,A
2w47,A
2w4c,A
2w4f,A
2w4i,F
2w50,B
2w56,B
2w59,A
2w5a,A
2w5q,A
2w5w,B
2w61,A
2w6a,B
2w70,A
2w79,B
2w7a,B
2w7n,A
2w7r,A
2w7s,B
2w7w,B
2w7z,A
2w83,C
2w86,A
2w87,A
2w8t,A
2w8x,A
2w8y,B
2w91,A
2w98,B
2w9d,L
2w9h,A
2w9k,B
2w9r,A
2w9s,A
2w9y,A
2wa2,B
2wa7,A
2waa,A
2wan,A
2wao,A
2was,C
2waw,A
2wb3,A
2wb6,A
2wbf,X
2wbm,B
2wbn,A
2wbp,A
2wbs,A
2wc8,B
2wci,A
2wcj,A
2wco,A
2wcr,A
2wcu,A
2wcv,C
2wcw,B
2wdc,A
2wds,A
2wdu,B
2we2,A
2we5,C
2wee,B
2wef,A
2wei,A
2wel,A
2weu,A
2wf6,A
2wfc,C
2wfh,B
2wfj,A
2wfo,A
2wfq,A
2wfw,B
2wfz,A
2wge,A
2wgp,B
2wgy,A
2wh7,A
2whg,B
2whh,A
2whl,A
2wi8,A
2wiy,A
2wj5,A
2wj9,B
2wje,A
2wji,B
2wjm,H
2wjn,C
2wjn,L
2wjn,M
2wjr,A
2wk0,A
2wk1,A
2wkk,C
2wkx,A
2wl1,A
2wl9,B
2wlr,A
2wlu,A
2wm3,A
2wm5,A
2wm8,A
2wmf,A
2wmi,B
2wn3,C
2wn4,A
2wnf,A
2wnh,A
2wnp,F
2wns,A
2wnv,A
2wnv,E
2wnv,F
2wnx,A
2wny,B
2wo1,A
2woe,C
2wol,A
2wot,A
2woy,A
2wp7,A
2wpg,A
2wpq,C
2wpv,D
2wpv,E
2wq4,C
2wq9,A
2wqf,A
2wqi,D
2wqk,A
2wqr,A
2wr8,A
2wra,A
2wry,A
2wsb,C
2wsd,A
2wsh,B
2wsi,A
2wso,A
2wt1,A
2wt4,A
2wta,A
2wte,B
2wtg,A
2wtm,C
2wto,A
2wu9,A
2wua,A
2wue,A
2wuh,A
2wuk,A
2wuq,B
2wut,A
2wuu,A
2wux,A
2wv3,A
2wv6,M
2wvf,A
2wvg,F
2wvv,A
2wvx,C
2ww2,B
2ww5,A
2wwe,A
2wwf,C
2wwk,T
2wwx,A
2wwx,B
2wx9,A
2wxu,A
2wy3,A
2wy3,B
2wy4,A
2wy7,Q
2wy8,A
2wya,A
2wyh,B
2wyq,A
2wyu,B
2wz1,A
2wz8,A
2wz9,A
2wzb,A
2wzi,B
2wzm,A
2wzn,A
2wzw,B
2wzx,A
2x02,B
2x0k,A
2x0q,A
2x18,E
2x1b,A
2x1d,D
2x1o,A
2x1p,C
2x1q,B
2x23,B
2x26,B
2x2o,A
2x2s,B
2x32,A
2x3c,A
2x3e,B
2x3f,A
2x3g,A
2x3h,C
2x3m,A
2x3n,A
2x46,A
2x47,A
2x49,A
2x4d,A
2x4j,A
2x4k,B
2x4l,A
2x55,A
2x5c,B
2x5f,B
2x5h,B
2x5p,A
2x5x,A
2x5y,A
2x61,A
2x6m,A
2x6u,A
2x6w,A
2x7b,A
2x7k,A
2x7m,A
2x8h,A
2x8j,C
2x8r,A
2x8s,A
2x8w,A
2x8x,X
2x96,A
2x98,B
2x9g,A
2x9o,A
2x9z,A
2xa3,A
2xau,A
2xb1,C
2xb4,A
2xba,A
2xbk,A
2xbl,A
2xbp,A
2xc2,A
2xc3,A
2xcb,A
2xce,F
2xcj,A
2xcz,A
2xda,A
2xde,A
2xdg,A
2xdj,F
2xdp,A
2xdw,A
2xe4,A
2xed,A
2xeh,A
2xet,B
2xeu,A
2xev,A
2xex,A
2xf2,A
2xf7,A
2xfd,A
2xfr,A
2xfv,A
2xfx,A
2xfx,B
2xgt,B
2xgy,A
2xh2,C
2xhi,A
2xhn,A
2xi8,A
2xi9,B
2xig,A
2xij,A
2xik,A
2xio,A
2xiv,A
2xjq,A
2xkg,A
2xkr,A
2xla,A
2xlk,A
2xm4,A
2xm5,A
2xmj,A
2xmo,B
2xmx,A
2xn4,A
2xn6,A
2xnj,A
2xnq,A
2xoc,B
2xom,A
2xov,A
2xpp,A
2xq0,A
2xqc,A
2xqo,A
2xqu,A
2xs4,A
2xse,A
2xsk,A
2xst,A
2xsu,A
2xsw,A
2xsx,B
2xt2,A
2xtp,A
2xts,A
2xts,B
2xtt,B
2xty,B
2xu3,A
2xu7,B
2xu8,B
2xvm,B
2xvs,A
2xvx,A
2xw9,A
2xwc,A
2xws,A
2xwt,A
2xwt,C
2xxj,D
2xxl,B
2xxz,A
2xy2,A
2xym,A
2xz2,A
2xz3,A
2xzi,A
2y1q,A
2y27,B
2y2z,A
2y39,A
2y3f,A
2y3q,B
2y3v,D
2y3z,A
2y44,A
2y4r,A
2y5p,C
2y5s,B
2y7b,A
2y88,A
2y8g,B
2y8k,A
2y8m,A
2yay,A
2yb1,A
2ygs,A
2yqc,A
2yqu,B
2yqz,A
2yr5,B
2yrr,B
2yrx,A
2ysk,A
2yv1,A
2yv5,A
2yv7,A
2yv9,B
2yva,B
2yve,A
2yvi,A
2yvo,A
2yvt,A
2yw2,A
2yw3,A
2ywd,A
2ywi,B
2ywj,A
2ywk,A
2ywl,A
2ywn,A
2ywo,A
2yxm,A
2yxn,A
2yxo,B
2yxw,A
2yxz,A
2yyh,C
2yyk,A
2yyv,B
2yyy,A
2yz1,B
2yzc,D
2yzh,C
2yzk,B
2yzt,A
2yzu,A
2yzv,A
2yzy,A
2z0a,B
2z0e,A
2z0j,E
2z0m,A
2z0q,A
2z0t,C
2z0x,A
2z10,A
2z14,A
2z1a,A
2z1c,B
2z1f,A
2z1n,A
2z1y,A
2z26,A
2z2f,A
2z2o,A
2z2x,A
2z38,A
2z3g,D
2z3v,A
2z3z,A
2z4u,A
2z62,A
2z66,B
2z6i,A
2z6n,A
2z6o,A
2z6r,A
2z6w,A
2z72,A
2z79,B
2z7b,A
2z7f,E
2z7f,I
2z84,A
2z8f,A
2z8l,A
2z8n,B
2z8q,A
2z8u,B
2z8x,A
2z9b,A
2z9v,B
2za0,A
2za7,A
2zad,D
2zat,D
2zbc,E
2zbl,A
2zbo,A
2zbt,B
2zbx,A
2zc8,A
2zca,A
2zcn,A
2zcw,A
2zd1,A
2zdh,A
2zdo,B
2zdr,A
2zed,A
2zex,A
2zez,B
2zf9,A
2zfc,B
2zfd,A
2zfd,B
2zfg,A
2zfn,A
2zfy,A
2zfz,D
2zgd,A
2zgq,A
2zhj,A
2zhn,A
2zhz,C
2zib,A
2zjd,C
2zk9,X
2zkm,X
2zkn,B
2zl6,B
2zm0,A
2zmu,A
2znd,A
2znr,A
2zo6,A
2zod,A
2zoo,A
2zos,A
2zou,B
2zpd,A
2zpk,H
2zpk,L
2zpm,A
2zpo,A
2zpu,A
2zq7,A
2zqe,A
2zqm,A
2zqn,B
2zs0,A
2zs0,D
2zs1,B
2zs1,C
2zsc,B
2zsg,B
2zsh,B
2zsi,A
2zsj,D
2ztl,C
2zu1,B
2zu2,A
2zuv,B
2zux,B
2zuy,A
2zvp,X
2zw0,A
2zw2,A
2zwa,B
2zwd,A
2zwj,A
2zwn,A
2zwu,A
2zx2,A
2zxj,B
2zxy,A
2zya,B
2zyh,B
2zyo,A
2zzd,C
2zzd,E
2zzd,J
2zzj,A
2zzr,A
2zzs,O
2zzv,B
3a02,A
3a03,A
3a04,A
3a07,A
3a09,A
3a0u,A
3a0y,B
3a16,C
3a1c,A
3a1u,A
3a21,A
3a2q,A
3a2v,I
3a2z,A
3a39,A
3a3d,B
3a3v,A
3a40,X
3a4j,A
3a4r,A
3a4u,A
3a4u,B
3a4w,B
3a57,A
3a5f,B
3a5p,D
3a5r,A
3a67,H
3a6r,B
3a6s,B
3a72,A
3a74,B
3a77,A
3a7i,A
3a7l,A
3a7n,A
3a8g,A
3a8g,B
3a8u,X
3a9b,A
3a9f,A
3a9i,A
3a9j,A
3a9l,B
3a9q,N
3a9s,B
3a9z,A
3aa0,A
3aa6,B
3aaf,B
3aal,A
3aam,A
3aar,A
3aay,B
3ab5,A
3ab6,A
3ab8,A
3aba,A
3abd,B
3abf,E
3acd,A
3aci,A
3act,B
3acx,A
3acz,C
3adg,A
3ado,A
3adr,A
3aey,A
3afi,B
3afm,A
3afv,A
3ag3,C
3ag3,E
3ag7,A
3agn,A
3agx,B
3ah2,A
3ahc,A
3ahn,A
3ahx,D
3ahy,A
3ahz,A
3ai3,C
3ai4,A
3ai5,A
3aia,A
3aii,A
3aj7,A
3ajd,A
3ajo,A
3ajx,C
3ak2,B
3ak8,H
3akb,A
3akh,A
3alf,A
3alu,A
3amn,B
3an1,A
3anp,C
3ans,B
3ap9,A
3apa,A
3apr,E
3aq2,B
3b2t,B
3b2y,A
3b34,A
3b42,A
3b49,A
3b4n,A
3b4q,B
3b4u,B
3b4w,A
3b4y,B
3b51,X
3b5e,B
3b5g,B
3b5l,B
3b5m,B
3b5n,A
3b5n,B
3b5n,D
3b5n,K
3b5o,A
3b64,A
3b6e,A
3b6h,A
3b6i,A
3b6u,B
3b72,A
3b76,A
3b79,A
3b7c,A
3b7e,A
3b7o,A
3b7s,A
3b7y,B
3b84,A
3b8b,A
3b8f,C
3b8i,E
3b8l,E
3b8z,B
3b9c,C
3b9d,A
3b9g,A
3b9q,A
3b9t,A
3b9v,C
3b9w,A
3ba1,A
3ba3,A
3baa,A
3bal,B
3bb0,A
3bb7,A
3bb9,B
3bbb,D
3bby,A
3bc1,B
3bc1,E
3bc9,A
3bcb,A
3bcw,A
3bcy,A
3bd1,A
3bd2,A
3bde,A
3bdf,A
3bdi,A
3bdu,E
3bdv,A
3be4,A
3be6,C
3bec,A
3bed,B
3bem,A
3beo,A
3ber,A
3beu,B
3bex,A
3bf5,A
3bf7,B
3bff,A
3bfk,B
3bfm,A
3bfo,B
3bfq,G
3bfv,A
3bg2,B
3bg8,A
3bge,A
3bgo,P
3bgu,B
3bgy,B
3bh4,A
3bh7,A
3bh7,B
3bhd,B
3bhg,A
3bhn,A
3bhq,A
3bhw,B
3bhy,A
3bi1,A
3bi7,A
3big,A
3bio,A
3biq,A
3bix,A
3biy,A
3bj1,C
3bj1,D
3bjd,B
3bje,A
3bjk,B
3bjn,A
3bkb,A
3bkj,H
3bkj,L
3bkp,A
3bkr,A
3bkt,A
3bkw,B
3bkx,A
3bl6,A
3bl9,A
3bld,A
3bln,A
3blz,B
3bm3,B
3bm7,A
3bmb,B
3bmw,A
3bmx,B
3bmz,B
3bn6,A
3bn7,A
3bnj,A
3bo5,A
3bo6,B
3bod,A
3boe,A
3bof,B
3boi,A
3boj,A
3bom,C
3bom,D
3bon,A
3bor,A
3bos,B
3bov,A
3bp1,B
3bp3,A
3bp5,A
3bpj,B
3bpk,B
3bpt,A
3bpu,A
3bpv,A
3bpw,A
3bpz,D
3bq9,B
3bqp,B
3bqy,A
3br8,A
3brb,A
3brc,B
3bri,A
3brp,B
3bs1,A
3bs2,A
3bs3,A
3bs4,A
3bs6,A
3bs9,B
3bsn,A
3bsy,B
3bt5,A
3bu3,A
3but,A
3buu,A
3buv,B
3bv6,D
3bv8,A
3bvk,F
3bwh,A
3bwl,B
3bws,B
3bwu,C
3bwu,D
3bwu,F
3bwv,B
3bwx,A
3bwy,A
3bx4,A
3bx4,B
3bxa,A
3bxe,B
3bxp,B
3by4,A
3by9,A
3byb,B
3byd,A
3byp,A
3byq,C
3bzh,A
3bzq,A
3bzw,A
3bzz,B
3c05,A
3c05,D
3c0c,A
3c0f,B
3c0i,A
3c18,A
3c1a,B
3c1d,A
3c1o,A
3c1q,B
3c1v,B
3c24,B
3c2u,A
3c37,B
3c3j,F
3c3m,A
3c3p,C
3c3y,B
3c4b,A
3c4m,A
3c4s,A
3c4z,A
3c5a,A
3c5c,C
3c5e,A
3c5h,A
3c5j,A
3c5j,B
3c5k,A
3c5n,A
3c5y,L
3c61,D
3c65,A
3c68,B
3c6a,A
3c6c,A
3c6k,A
3c6v,B
3c70,A
3c7f,A
3c7l,B
3c7t,A
3c7x,A
3c85,C
3c8c,B
3c8e,A
3c8i,A
3c8l,B
3c8m,A
3c8o,A
3c8p,A
3c8u,A
3c8w,C
3c8x,A
3c8z,A
3c97,A
3c9a,B
3c9f,B
3c9h,B
3c9p,A
3c9q,A
3c9u,B
3c9x,A
3c9z,A
3ca7,A
3cai,A
3can,A
3cb0,D
3cb6,A
3cb7,B
3cbn,A
3cbq,A
3cbt,A
3cbw,B
3cbx,A
3cc6,A
3cc8,A
3ccd,B
3ccf,A
3ccg,A
3ccz,B
3ce1,A
3ce6,A
3ce7,A
3cec,A
3cet,B
3cfb,L
3cfc,H
3cfh,S
3cfz,A
3cg1,A
3cg3,A
3cg4,A
3cg6,A
3cgh,A
3cgi,C
3cgx,A
3ch0,A
3chb,H
3chj,A
3chm,A
3chv,A
3ci6,B
3ci7,A
3cij,A
3cim,C
3cin,A
3cip,A
3cip,G
3cit,B
3civ,A
3ciw,A
3cj1,A
3cj8,B
3cjd,A
3cje,A
3cjm,A
3cjn,A
3cjp,B
3cjs,A
3cjs,B
3cjy,A
3ck1,A
3ck6,B
3ckc,B
3ckf,A
3ckg,A
3ckj,A
3ckk,A
3ckm,A
3cl5,A
3cl6,A
3cla,A
3clm,A
3cls,C
3cls,D
3clv,A
3cm0,A
3cmb,D
3cmc,Q
3cmg,A
3cmj,A
3cmy,A
3cn4,B
3cne,C
3cnh,A
3cnk,B
3cnm,A
3cnr,B
3cnu,A
3cny,A
3co1,A
3co8,A
3con,A
3cou,A
3cox,A
3cp0,A
3cp5,A
3cp7,B
3cpg,A
3cpq,B
3cps,B
3cpt,A
3cq0,A
3cq2,A
3cq5,B
3cqb,B
3cql,A
3cqt,A
3cqv,A
3crm,A
3crn,B
3cry,A
3csk,A
3css,A
3ct1,A
3ct6,A
3ctg,A
3ctk,A
3ctp,B
3ctz,A
3cu0,A
3cu2,B
3cu4,A
3cu9,A
3cui,A
3cux,A
3cuz,A
3cvb,A
3cve,A
3cvo,C
3cwn,B
3cwr,B
3cwv,A
3cww,A
3cx2,A
3cx5,E
3cx5,F
3cx5,G
3cx5,I
3cx5,O
3cx5,W
3cxk,A
3cxm,A
3cxn,B
3cxz,A
3cy4,A
3cyi,A
3cyp,B
3cz1,B
3czf,B
3czt,X
3czx,B
3czz,B
3d00,A
3d01,D
3d02,A
3d03,B
3d06,A
3d0c,B
3d0f,A
3d0j,A
3d0k,A
3d0n,A
3d0o,A
3d1b,C
3d1g,A
3d1k,A
3d1m,B
3d1p,A
3d22,A
3d2l,B
3d2q,A
3d2w,A
3d30,A
3d32,A
3d33,B
3d34,A
3d3b,A
3d3p,A
3d3r,A
3d3s,D
3d3y,A
3d3z,A
3d40,A
3d43,B
3d47,A
3d4e,A
3d4i,A
3d4u,A
3d4u,B
3d5p,A
3d6i,B
3d6r,A
3d79,A
3d7a,B
3d7i,B
3d7j,D
3d85,C
3d8t,A
3d95,B
3d9a,L
3d9n,B
3d9t,A
3d9x,C
3d9y,A
3da0,C
3da8,A
3dac,A
3dai,A
3dal,A
3dan,A
3dao,A
3daq,A
3das,A
3dau,A
3db7,A
3dbo,B
3dc5,C
3dc6,A
3dc8,B
3dcd,B
3dcn,A
3dcy,A
3dcz,A
3dd6,A
3dd7,C
3ddj,A
3ddl,B
3ddo,E
3dds,B
3def,A
3del,B
3deo,A
3dew,A
3df7,A
3df8,A
3dff,A
3dfg,A
3dfq,A
3dg3,A
3dgb,A
3dgp,A
3dgp,B
3dgt,A
3dha,A
3dhf,B
3dhi,B
3dhi,C
3dho,C
3dhp,A
3di4,B
3die,A
3dj6,A
3dj9,A
3dje,B
3djh,C
3djl,A
3djo,A
3dk9,A
3dkc,A
3dkm,A
3dkr,A
3dks,C
3dkv,A
3dl0,A
3dlc,A
3dlm,A
3dlq,I
3dlq,R
3dlu,A
3dm8,A
3dmc,A
3dme,B
3dmg,A
3dmi,A
3dmo,A
3dms,A
3dn7,B
3dnf,B
3dnh,B
3dnj,A
3dnp,A
3dnu,A
3do6,A
3do8,A
3dou,A
3dpg,B
3dpk,A
3dqg,A
3dqp,A
3dqy,A
3dr0,C
3dr4,B
3dr6,B
3dra,A
3dra,B
3drf,A
3drw,B
3drz,B
3ds4,B
3ds8,A
3dsb,B
3dsk,A
3dso,A
3dt5,A
3dt9,A
3dtb,A
3dtt,A
3dtz,C
3due,A
3dup,A
3dur,B
3duw,A
3dv9,A
3dvw,A
3dwg,A
3dwg,C
3dwv,B
3dxl,A
3dxs,X
3dxt,A
3dxz,A
3dy0,A
3dyj,A
3dz1,A
3dz4,B
3dz8,A
3dza,A
3dzw,A
3dzz,A
3e02,A
3e03,A
3e04,D
3e05,B
3e0e,A
3e0h,A
3e0i,A
3e0x,A
3e0z,A
3e10,B
3e11,B
3e13,X
3e17,B
3e18,B
3e23,A
3e2d,A
3e2q,A
3e2v,B
3e39,B
3e3m,D
3e3u,A
3e48,A
3e49,A
3e4g,A
3e4v,A
3e4w,B
3e55,A
3e57,A
3e58,A
3e5u,A
3e5w,C
3e60,A
3e6j,A
3e6q,G
3e6s,F
3e6z,X
3e7a,B
3e7d,A
3e7h,A
3e7r,L
3e8m,B
3e8o,B
3e8t,A
3e96,B
3e97,A
3e99,A
3e9a,A
3e9f,A
3e9k,A
3e9t,B
3e9v,A
3ea3,B
3ea6,A
3eak,A
3eaz,A
3eba,A
3ebb,B
3ebh,A
3ebl,A
3ebt,A
3ebv,A
3eby,A
3ec0,B
3ec3,B
3ec4,B
3ec6,A
3ec9,B
3ecb,A
3ecd,A
3ecf,B
3ech,A
3eck,B
3ecy,B
3ed4,B
3ed5,A
3ed7,A
3edf,A
3edg,A
3edi,A
3edn,A
3edo,B
3eds,A
3edv,A
3ee4,A
3eea,B
3eeh,A
3eer,A
3ees,A
3eet,A
3ef2,B
3ef4,A
3ef6,A
3ef8,A
3efy,A
3eg4,A
3ega,A
3egg,A
3egg,D
3ego,B
3egw,C
3eh1,A
3ehe,B
3ehg,A
3ehr,A
3ehu,A
3ehw,B
3ei9,B
3eif,A
3eik,A
3ein,A
3eix,A
3ej9,B
3ej9,C
3eja,A
3ejf,A
3ejg,A
3ejk,A
3ejn,A
3eju,A
3ejv,A
3ejw,B
3ek2,A
3ek3,A
3ekg,A
3eki,A
3eko,B
3elf,A
3elg,B
3elj,A
3elk,A
3elo,A
3els,A
3elw,A
3elx,A
3em1,A
3emi,A
3emr,A
3emw,A
3en0,C
3en8,A
3enb,A
3enk,B
3enu,A
3eo0,C
3eo0,D
3eo6,A
3eo7,A
3eo8,F
3eo9,H
3eod,A
3eof,A
3eoi,A
3eoj,A
3eot,H
3eot,L
3epe,A
3epr,A
3eqn,B
3eqx,A
3er6,A
3er7,A
3era,B
3erb,A
3erj,A
3erp,B
3erx,B
3es1,A
3es4,A
3esg,B
3esl,B
3esm,A
3ess,A
3esu,F
3etf,C
3etn,A
3etv,A
3eu9,C
3eua,D
3euf,D
3eug,A
3eul,A
3eun,A
3euo,A
3eup,B
3eur,A
3evf,A
3evk,D
3evp,A
3evy,B
3ew0,A
3ew1,D
3ew8,A
3ewh,A
3ewi,A
3ewn,A
3ewo,A
3ewy,A
3exe,D
3exn,A
3exr,A
3ey6,A
3ey8,B
3eye,A
3eyg,A
3eyi,A
3eyp,B
3eyt,D
3ezi,B
3ezu,A
3f05,A
3f09,A
3f0d,F
3f0h,A
3f0i,A
3f0n,B
3f0o,B
3f0y,C
3f14,A
3f17,A
3f1l,A
3f1p,A
3f1p,B
3f2e,A
3f2k,A
3f2u,A
3f2z,A
3f3e,A
3f3k,B
3f3q,A
3f3x,A
3f3z,A
3f40,A
3f42,B
3f43,A
3f44,A
3f47,A
3f4a,A
3f4m,A
3f4s,A
3f52,A
3f5h,B
3f5l,B
3f5o,G
3f5v,B
3f67,A
3f6c,B
3f6d,B
3f6o,A
3f6q,A
3f6q,B
3f6v,A
3f6w,C
3f6y,A
3f74,B
3f75,A
3f75,P
3f7e,A
3f7l,A
3f7q,A
3f7w,A
3f7x,A
3f8d,B
3f8k,A
3f8l,B
3f8m,B
3f8t,A
3f8x,D
3f95,B
3f97,A
3f9b,A
3f9r,A
3f9s,B
3fa5,A
3faj,A
3fan,A
3fas,B
3fau,A
3fb9,A
3fbg,A
3fbl,A
3fbu,B
3fc0,B
3fcd,B
3fcn,A
3fcp,D
3fcr,A
3fcx,B
3fd3,A
3fd7,B
3fdb,A
3fde,B
3fdh,A
3fdj,A
3fdl,A
3fdq,A
3fdr,A
3fdx,A
3fe0,A
3fe4,B
3fe7,A
3fed,A
3fes,A
3fev,A
3ff0,B
3ff1,B
3ff2,A
3ff5,B
3ff7,C
3ff9,B
3ffr,A
3fg0,F
3fg1,D
3fg8,A
3fg9,E
3fgd,A
3fge,A
3fgr,A
3fgv,A
3fgy,B
3fh1,A
3fh2,A
3fh9,A
3fh9,B
3fhd,A
3fhf,A
3fhg,A
3fhl,C
3fhw,B
3fi9,B
3fia,A
3fid,A
3fil,B
3fiq,A
3fiu,D
3fj1,A
3fj2,A
3fj5,B
3fjs,C
3fju,A
3fju,B
3fjv,A
3fk8,A
3fka,A
3fkb,E
3fkc,A
3fke,A
3fkr,B
3fl2,A
3fla,A
3flg,A
3flv,A
3fm0,A
3fm2,A
3fmb,B
3fmc,A
3fmk,A
3fmu,A
3fmy,A
3fn0,H
3fn2,B
3fn5,A
3fnc,A
3fnk,C
3fo3,A
3fo8,D
3fo9,H
3fob,B
3foj,A
3fot,A
3fp2,A
3fp5,A
3fp7,J
3fpc,A
3fpf,A
3fpk,B
3fpl,A
3fpq,B
3fpr,D
3fpu,B
3fpw,A
3fpz,B
3fq3,C
3fqm,A
3fr7,A
3frh,A
3frq,A
3frr,A
3fs2,B
3fs7,A
3fsa,A
3fsd,A
3fse,A
3fso,B
3fss,A
3fsu,C
3fsy,A
3ft1,C
3ftd,A
3ftt,A
3fuc,C
3fut,A
3fv3,G
3fv5,A
3fv9,G
3fvb,B
3fvh,A
3fvt,B
3fvu,B
3fvy,A
3fw2,B
3fw3,A
3fwa,A
3fwy,A
3fwz,B
3fx4,A
3fx7,A
3fxa,A
3fxg,F
3fxh,A
3fxq,A
3fxz,A
3fy1,B
3fy3,A
3fyb,A
3fym,A
3fyn,A
3fyq,A
3fz4,A
3fza,A
3fze,A
3fzy,B
3g00,A
3g02,B
3g08,A
3g0e,A
3g0k,A
3g0m,A
3g0o,A
3g0t,B
3g14,A
3g15,A
3g16,A
3g1j,B
3g1l,A
3g1p,B
3g1t,A
3g1v,A
3g1z,A
3g20,B
3g21,A
3g23,A
3g25,A
3g2b,A
3g2s,B
3g36,C
3g39,A
3g3i,A
3g3s,B
3g3t,A
3g46,B
3g48,A
3g51,A
3g5j,B
3g5k,D
3g5s,A
3g5t,A
3g5w,C
3g5y,A
3g63,A
3g66,A
3g68,A
3g6i,A
3g6k,F
3g6m,A
3g7d,A
3g7g,E
3g7n,B
3g7q,A
3g7r,B
3g7u,A
3g7w,A
3g85,A
3g89,B
3g8h,A
3g8y,A
3g8z,A
3g98,B
3g9a,B
3g9k,L
3g9m,B
3g9x,A
3ga3,A
3ga4,A
3ga7,A
3gad,F
3gag,B
3gah,A
3gas,E
3gax,B
3gay,B
3gaz,B
3gba,D
3gbe,A
3gbo,A
3gbs,A
3gbw,A
3gbz,A
3gc2,A
3gc6,A
3gcz,A
3gd6,A
3gd8,A
3gdc,A
3gdl,B
3gdq,A
3ge3,A
3ge3,E
3ge4,C
3ge5,B
3ge6,A
3ged,A
3gef,A
3gem,C
3geu,D
3gf3,A
3gf6,B
3gfa,A
3gfu,A
3gfv,A
3gg2,D
3gg7,A
3gg9,B
3ggh,A
3ggu,A
3ggw,B
3ggw,C
3ggy,A
3gh5,A
3gh6,A
3gha,A
3ghd,A
3ghj,A
3gi7,B
3gip,A
3gir,A
3giu,A
3giw,A
3gj0,B
3gju,A
3gjy,A
3gk6,A
3gk7,B
3gkb,C
3gkj,A
3gkm,A
3gkr,A
3gkt,A
3gkv,B
3gl0,A
3gl1,B
3gl9,C
3glr,A
3glv,B
3gmf,A
3gmg,A
3gmi,A
3gms,A
3gmv,X
3gmx,B
3gn6,B
3gn9,C
3gne,A
3gnl,B
3gnr,A
3gnz,P
3go1,H
3go1,L
3go2,A
3go5,A
3go6,A
3go9,A
3goa,B
3goc,B
3goe,A
3goh,A
3gon,A
3gox,B
3gp0,A
3gp3,D
3gp4,B
3gp7,A
3gpg,B
3gpi,A
3gpk,B
3gpu,A
3gqh,A
3gqj,A
3gqq,A
3gqv,A
3gr3,B
3gr4,C
3grd,B
3grh,A
3grn,A
3gru,A
3gs2,A
3gs9,A
3gsh,A
3gsz,B
3gt2,A
3gt5,A
3gt9,B
3gu4,A
3gue,A
3gux,B
3guy,B
3gv6,A
3gve,A
3gvf,A
3gvg,B
3gvo,A
3gw9,C
3gwa,A
3gwb,A
3gwc,D
3gwh,B
3gwi,A
3gwk,E
3gwm,A
3gwn,A
3gwz,A
3gx8,A
3gxb,A
3gxh,B
3gxr,B
3gy1,A
3gy9,A
3gyb,A
3gyc,B
3gyd,B
3gyk,B
3gyl,B
3gza,A
3gzb,A
3gzd,C
3gzg,A
3gzh,A
3gzk,A
3gzr,B
3gzx,A
3gzx,B
3h01,A
3h04,A
3h05,A
3h08,A
3h09,B
3h0n,A
3h0o,A
3h0u,C
3h0x,A
3h11,A
3h12,B
3h14,A
3h1d,A
3h1g,A
3h1n,A
3h1s,B
3h1w,A
3h20,A
3h2d,B
3h2g,A
3h2s,B
3h2y,A
3h2z,A
3h34,A
3h36,A
3h3h,B
3h3l,B
3h3n,X
3h41,A
3h47,A
3h49,B
3h4i,A
3h4n,A
3h4o,A
3h4x,A
3h4y,A
3h50,A
3h51,B
3h55,B
3h5i,A
3h5j,B
3h5k,B
3h5l,B
3h5n,D
3h5q,A
3h62,B
3h6p,B
3h6p,C
3h6x,C
3h74,A
3h78,A
3h7a,A
3h7c,X
3h7f,B
3h7h,A
3h7h,B
3h7i,A
3h7o,B
3h7r,A
3h7u,A
3h81,C
3h87,B
3h87,D
3h8g,C
3h8t,A
3h8u,B
3h8x,A
3h8z,A
3h91,A
3h93,A
3h95,A
3h9c,A
3h9e,O
3h9m,A
3h9u,C
3h9w,A
3ha2,A
3ha9,A
3hak,A
3hap,A
3hbe,X
3hbg,A
3hbn,A
3hbw,B
3hc1,A
3hc3,H
3hc4,L
3hcj,A
3hcn,B
3hcz,A
3hd4,A
3hdc,A
3hdf,B
3hdj,B
3hdl,A
3hdo,B
3hdx,A
3he5,C
3he5,D
3he8,B
3hef,B
3hf5,C
3hfo,A
3hfq,A
3hft,A
3hfw,A
3hg3,B
3hgb,A
3hgl,A
3hgm,A
3hgu,A
3hh1,A
3hh7,A
3hh8,A
3hhi,B
3hhp,D
3hhs,A
3hhs,B
3hht,A
3hht,B
3hi7,B
3hid,A
3his,A
3hix,A
3hj4,B
3hjb,A
3hje,A
3hjr,A
3hjs,A
3hjv,B
3hjz,A
3hk4,C
3hko,A
3hkw,A
3hkx,A
3hl0,B
3hl1,A
3hl5,B
3hlx,A
3hlz,B
3hm4,B
3hm5,A
3hmc,A
3hmi,A
3hmq,A
3hms,A
3hmz,A
3hn0,A
3hn3,B
3hn5,B
3hn7,A
3hnb,M
3hnt,H
3hnt,L
3hnx,A
3ho6,A
3hog,A
3hoi,A
3hol,A
3hp4,A
3hp7,A
3hpc,X
3hq1,B
3hq9,B
3hqc,A
3hqj,A
3hqx,A
3hr0,A
3hr6,A
3hr7,A
3hra,A
3hrg,A
3hrl,A
3hrp,A
3hrq,B
3hrv,A
3hrx,A
3hs3,A
3hsa,A
3hsh,A
3hsr,D
3hss,B
3hsv,A
3hsy,A
3ht1,A
3ht5,A
3htg,A
3htn,C
3htv,A
3htw,A
3hty,O
3hu5,A
3huh,A
3hup,B
3huu,B
3hv2,B
3hvi,A
3hvu,C
3hvv,A
3hvw,A
3hwu,A
3hx3,A
3hx8,D
3hx9,A
3hxa,F
3hxd,A
3hxf,B
3hxi,A
3hxl,A
3hxs,B
3hxt,A
3hxw,A
3hyn,A
3hyq,A
3hyu,A
3hyu,B
3hz2,A
3hz6,A
3hzb,E
3hzp,A
3i09,A
3i0w,A
3i0y,A
3i0z,B
3i10,A
3i11,A
3i1a,A
3i1j,A
3i1u,A
3i24,A
3i26,D
3i2n,A
3i2v,A
3i2z,A
3i31,A
3i33,A
3i35,A
3i36,A
3i3f,B
3i3g,A
3i45,A
3i47,A
3i48,B
3i4g,A
3i4j,D
3i4o,B
3i4q,A
3i4s,A
3i4w,C
3i4z,B
3i57,B
3i5c,B
3i5r,A
3i5x,A
3i6a,E
3i6c,A
3i6e,H
3i6i,A
3i6t,B
3i6y,A
3i75,A
3i75,B
3i7m,A
3i7u,B
3i83,B
3i8s,C
3i8z,A
3i91,A
3i94,A
3i96,A
3i98,E
3i9g,L
3ia1,B
3ia2,F
3ia4,D
3ia7,B
3ia8,B
3ian,A
3iar,A
3iav,A
3ib0,A
3ib5,A
3ib7,A
3ibw,A
3ibz,A
3ic3,B
3ic4,A
3icc,B
3ich,A
3icj,A
3ics,A
3icv,A
3id1,A
3id7,A
3ida,A
3idu,A
3idw,A
3ie4,A
3ie5,A
3ie7,A
3iee,A
3iei,C
3iev,A
3iez,B
3ifc,C
3ife,A
3ifl,H
3ifl,L
3ig9,C
3igh,X
3igs,A
3igx,B
3igz,B
3ihd,A
3ihs,A
3iht,A
3ihu,A
3ihv,A
3ihw,A
3ihz,B
3ii7,A
3ii9,A
3iib,A
3iii,A
3iij,A
3iiu,M
3ij3,A
3ij5,B
3ijl,A
3ijm,A
3ijw,A
3ik7,D
3ikb,B
3ikw,A
3ilo,A
3ils,A
3ilw,A
3im1,A
3im6,A
3im9,A
3imf,B
3imh,A
3imk,A
3imo,B
3ing,A
3ino,A
3inz,B
3io3,A
3iof,A
3ioh,A
3ioq,A
3iox,A
3ioy,B
3ip4,A
3ip8,A
3ipc,A
3ipf,A
3ipi,A
3ipw,A
3iq0,A
3iq1,D
3iq2,B
3iq3,A
3iqi,X
3iql,A
3iqt,A
3ir3,B
3ir4,A
3ir8,A
3irb,A
3irp,X
3irs,A
3irv,A
3is3,A
3is6,A
3isa,B
3isg,A
3iso,A
3isq,A
3isr,A
3ist,B
3isu,A
3isx,A
3it3,B
3it4,B
3it4,C
3itf,B
3itq,A
3iu0,A
3iu1,A
3iu4,H
3iu5,A
3iu6,A
3iu7,A
3iug,B
3iuj,A
3iuk,A
3iuo,B
3iup,A
3ius,B
3iut,A
3iuw,A
3iux,A
3iuz,A
3iv0,A
3iv3,A
3iv4,A
3ive,A
3iwf,B
3iwt,A
3ix3,B
3ixc,A
3ixe,B
3ixq,D
3ixr,A
3jpz,B
3jq0,A
3jq1,B
3jqj,C
3jql,A
3jqu,A
3jqy,C
3jr0,B
3jr2,C
3jrr,B
3jrv,A
3js4,B
3js5,A
3js8,A
3jsc,A
3jsl,B
3jsr,A
3jsy,B
3jsz,A
3jte,A
3jtm,A
3jtw,A
3jtx,B
3jtz,A
3ju2,A
3ju3,A
3ju4,A
3ju5,D
3ju8,B
3jub,A
3juu,A
3jva,F
3jvm,A
3jwg,A
3jx9,B
3jxg,B
3jxo,A
3jxs,A
3jxt,B
3jxy,A
3jyg,A
3jyo,A
3jyr,A
3jz6,B
3jze,C
3jzl,A
3jzy,A
3k01,A
3k0b,A
3k0m,A
3k0z,A
3k11,A
3k12,F
3k1e,A
3k1h,A
3k1t,A
3k1u,A
3k1w,B
3k1z,A
3k21,A
3k26,A
3k28,A
3k2a,A
3k2c,B
3k2m,C
3k2o,A
3k2v,B
3k2w,E
3k2z,A
3k31,A
3k3c,D
3k3t,A
3k3v,A
3k40,B
3k4i,A
3k59,A
3k5j,A
3k5k,B
3k62,A
3k67,A
3k69,A
3k6a,A
3k6f,A
3k6g,C
3k6i,A
3k6m,A
3k6q,B
3k6v,A
3k6y,A
3k74,B
3k7f,B
3k7i,B
3k7p,B
3k89,A
3k8d,A
3k8g,A
3k8u,A
3k8w,A
3k9o,A
3k9o,B
3k9w,A
3ka4,A
3ka5,A
3ka7,A
3kao,A
3kax,A
3kbb,A
3kbf,A
3kbg,A
3kbr,A
3kby,A
3kc2,B
3kcc,A
3kcg,H
3kci,A
3kcp,A
3kd3,A
3kd6,B
3kda,A
3kde,C
3kdf,A
3kdf,D
3kdj,B
3kdw,A
3ke4,A
3ke7,B
3keb,B
3kef,B
3keo,B
3kep,B
3kev,A
3kez,B
3kfa,A
3kff,A
3kfo,A
3kg0,C
3kg4,A
3kg9,B
3kgd,B
3kgk,A
3kgr,A
3kgw,B
3kgy,B
3kgz,B
3kh1,A
3kh7,A
3khe,A
3khf,B
3khi,A
3khy,A
3ki8,A
3kij,C
3kiz,A
3kj0,A
3kjd,B
3kjj,G
3kjy,A
3kk4,B
3kk8,A
3kkb,A
3kkf,A
3kkg,A
3kki,A
3kkq,A
3kkz,A
3kl0,B
3kl6,B
3klb,A
3klk,A
3klq,A
3klr,A
3km5,B
3kmh,A
3kmi,A
3kmr,A
3kmt,C
3kmu,A
3kmv,D
3knb,B
3knv,A
3ko8,A
3kog,A
3kol,A
3kom,A
3kop,D
3kor,D
3kos,A
3kp8,A
3kpb,D
3kpe,A
3kpx,A
3kq0,A
3kqf,D
3kqi,A
3kqr,A
3kra,A
3krb,A
3kre,A
3krr,A
3krs,A
3kru,A
3ks6,B
3ks9,A
3kse,D
3ksh,A
3ksm,B
3kst,B
3ksv,A
3ksx,A
3kt7,A
3kt9,A
3kta,B
3kta,C
3ktc,B
3kto,B
3ktz,A
3kup,D
3kus,B
3kuu,C
3kuv,A
3kv0,A
3kv1,A
3kvc,A
3kvh,A
3kwe,A
3kwk,A
3kwl,A
3kwo,C
3kwr,A
3kws,A
3kwu,A
3kxq,B
3kxt,A
3kxu,A
3kxw,A
3kya,A
3kyj,A
3kyj,B
3kyo,C
3kyz,A
3kz5,A
3kz7,A
3kzd,A
3kzj,A
3kzn,A
3kzu,B
3kzx,A
3l00,A
3l07,B
3l0f,A
3l0l,B
3l0q,B
3l0v,A
3l12,A
3l18,A
3l1e,A
3l1n,A
3l1w,F
3l23,A
3l2a,A
3l2c,A
3l2h,D
3l32,A
3l39,A
3l3b,A
3l3f,X
3l3u,A
3l41,A
3l42,A
3l46,A
3l4a,A
3l4e,A
3l4h,A
3l4n,A
3l4p,A
3l4r,A
3l51,A
3l51,B
3l52,A
3l55,B
3l5a,A
3l5e,B
3l5i,A
3l5l,A
3l5x,H
3l5x,L
3l6b,A
3l6d,B
3l6g,A
3l6n,A
3l6t,A
3l77,A
3l7h,B
3l7o,A
3l7t,B
3l7x,A
3l80,A
3l81,A
3l84,A
3l8a,B
3l8d,A
3l8e,B
3l8h,B
3l8w,A
3l91,A
3l91,B
3l9a,X
3l9c,B
3l9f,D
3l9q,A
3l9s,A
3l9u,A
3l9w,B
3l9y,B
3la7,B
3laa,A
3lab,A
3lae,A
3lag,A
3las,B
3lat,A
3lb2,A
3lb5,A
3lbe,D
3lbf,C
3lbm,B
3lc0,A
3lcc,A
3lcm,A
3ld3,A
3ld7,B
3ldd,A
3ldg,A
3ldo,A
3ldu,A
3ldv,B
3le0,A
3le3,A
3le4,A
3lec,A
3led,A
3leq,A
3let,A
3lew,A
3lez,A
3lf3,A
3lf5,B
3lf6,B
3lfh,F
3lfj,B
3lfk,C
3lfr,A
3lft,A
3lg3,A
3lg5,A
3lgb,B
3lgi,A
3lgn,A
3lhe,A
3lhi,A
3lhn,A
3lho,A
3lhq,A
3lhr,B
3lhx,B
3li9,A
3lid,B
3lij,A
3lim,D
3liy,A
3liz,L
3ljk,A
3ljq,A
3lju,X
3ljw,B
3lk5,A
3lk7,A
3lke,A
3lkf,A
3lkm,A
3lkt,B
3lkt,Q
3ll5,B
3ll7,A
3llb,A
3llc,A
3llo,A
3llp,B
3llu,A
3llv,A
3llx,A
3llz,A
3lm2,B
3lm3,A
3lm4,D
3lm7,B
3lma,B
3lmd,A
3lmp,A
3lmz,A
3ln3,A
3lnc,B
3lny,A
3lo0,A
3lo8,A
3log,C
3lop,A
3lot,C
3lou,C
3lp6,C
3lpc,A
3lpe,B
3lpe,G
3lpw,B
3lpz,A
3lq3,A
3lq4,B
3lqb,A
3lqw,A
3lqx,A
3lqy,A
3lr2,A
3lr4,A
3lrt,A
3ls0,A
3ls5,L
3ls9,A
3lsn,A
3lss,A
3lsu,B
3lsz,D
3lt6,F
3lti,A
3ltj,A
3luc,A
3luf,B
3lui,B
3lul,A
3lum,D
3lur,B
3luu,A
3lv0,A
3lv4,A
3lv8,A
3lvc,A
3lvf,P
3lvu,D
3lw0,B
3lw2,A
3lw6,A
3lwa,A
3lwc,A
3lwd,A
3lwg,B
3lwk,A
3lwx,A
3lwz,A
3lx3,A
3lx4,B
3lx5,A
3lx7,A
3lxl,A
3lxp,A
3lxq,B
3lxr,A
3lxr,F
3lxy,A
3lxz,A
3ly0,B
3ly1,C
3ly7,A
3lyd,A
3lyf,D
3lyg,A
3lyh,A
3lyl,B
3lyp,B
3lyy,A
3lz5,A
3lza,B
3lzk,C
3lzo,B
3lzw,A
3m07,A
3m0f,A
3m0j,A
3m0m,B
3m0r,A
3m0z,B
3m19,A
3m1h,B
3m1t,A
3m1u,A
3m1x,A
3m21,D
3m2o,A
3m31,A
3m3g,A
3m3h,A
3m3m,A
3m3p,A
3m4a,A
3m4c,C
3m4d,A
3m4f,C
3m4i,A
3m58,A
3m5k,B
3m5l,A
3m5q,A
3m5v,A
3m66,A
3m6b,A
3m6j,A
3m6u,A
3m6z,A
3m70,A
3m73,A
3m7a,A
3m7k,A
3m7o,A
3m7q,B
3m84,A
3m86,B
3m8j,A
3m8o,H
3m8o,L
3m8t,B
3m8u,A
3m91,C
3m9l,A
3m9q,B
3mab,A
3man,A
3mao,A
3maz,A
3mb4,B
3mb5,A
3mbg,B
3mbk,B
3mbx,H
3mc1,A
3mc3,A
3mc4,B
3mcb,B
3mcl,H
3mcl,L
3mcq,A
3mcw,B
3mcx,A
3mcz,B
3md1,A
3md7,A
3md9,A
3mdk,B
3mdm,A
3mdo,B
3mdp,A
3mdq,A
3mds,B
3mdu,A
3mdx,A
3me5,A
3me7,B
3mea,A
3meb,B
3mf7,A
3mfd,A
3mfi,A
3mg1,B
3mgd,A
3mgg,B
3mgn,B
3mgw,A
3mh9,A
3mhg,C
3mhp,B
3mhr,A
3mhs,A
3mhs,B
3mhw,U
3mhy,C
3mhz,A
3mil,A
3mio,A
3miy,B
3mjd,A
3mjf,A
3mjo,B
3mjv,B
3mk1,A
3mk6,C
3mkc,A
3mkh,B
3mlb,A
3mlr,H
3mlr,L
3mly,H
3mm5,B
3mm6,A
3mmg,A
3mmh,B
3mmw,D
3mmy,D
3mmy,E
3mmz,C
3mn1,C
3mn2,B
3mnm,B
3mno,A
3mnz,A
3mnz,B
3mo4,A
3mol,B
3mos,A
3moy,A
3mp9,A
3mpc,A
3mpr,D
3mpz,B
3mq0,B
3mq2,B
3mqd,A
3mqh,D
3mqq,A
3mqz,A
3mr5,A
3ms5,A
3mst,A
3msu,B
3msw,A
3msx,B
3mt0,A
3mt6,D
3mte,A
3mti,A
3mtq,B
3mtr,B
3mtw,A
3mu7,A
3mu9,A
3muj,B
3mux,B
3muz,3
3mvc,B
3mvi,A
3mvk,G
3mvn,A
3mvp,A
3mvr,A
3mvs,A
3mvu,A
3mw8,A
3mwc,A
3mwf,A
3mwj,A
3mwq,A
3mwx,A
3mwz,A
3mx6,B
3mxn,A
3mxn,B
3mxo,B
3mxt,A
3mxu,A
3mxv,H
3mxw,L
3mxz,A
3myb,A
3myf,C
3myu,B
3myv,B
3myx,A
3mz0,A
3mz2,A
3mzo,A
3mzv,B
3n07,B
3n08,A
3n0i,B
3n0l,B
3n0q,A
3n0r,A
3n0w,A
3n0x,A
3n10,B
3n11,A
3n1d,A
3n1e,B
3n1f,D
3n1m,C
3n1s,M
3n1u,A
3n22,A
3n29,B
3n2a,A
3n2b,A
3n2n,E
3n2s,D
3n37,A
3n3e,A
3n3s,A
3n4f,C
3n4i,B
3n4j,A
3n5a,A
3n5b,A
3n5b,B
3n5l,B
3n5o,B
3n5w,B
3n6y,B
3n6z,A
3n72,B
3n79,A
3n7o,A
3n8b,A
3n8u,A
3n98,A
3n9b,B
3n9g,H
3n9i,B
3n9r,A
3n9u,B
3n9u,C
3na5,A
3na9,H
3naa,L
3nad,A
3nbk,A
3nbm,A
3nci,A
3ncl,A
3nda,A
3ndd,A
3ndh,B
3ndj,A
3ndn,D
3ndo,A
3ne8,A
3nec,B
3nep,X
3neu,A
3nf5,B
3nfi,B
3nfq,A
3nft,A
3nfu,A
3nfw,B
3ng7,X
3ngf,A
3ngg,B
3ngh,A
3ngj,A
3ngp,A
3nhe,A
3nht,A
3ni0,A
3ni2,A
3nis,B
3niw,A
3nj2,A
3njc,B
3njd,B
3nje,B
3njn,C
3nke,B
3nkl,A
3nkq,A
3nl9,A
3nm4,B
3nn1,A
3nnb,A
3no0,A
3no2,A
3no3,A
3no5,B
3no6,C
3no7,A
3nof,B
3noh,A
3noj,A
3nok,A
3nol,A
3noo,B
3npd,A
3npf,B
3npk,A
3nqi,A
3nqn,B
3nqp,A
3nqx,A
3nr1,A
3nr5,A
3nr6,B
3nre,C
3nrf,A
3nrh,B
3nrl,B
3nrr,B
3nrw,A
3nrx,A
3ns2,A
3ns6,B
3nsl,F
3nss,B
3nsx,B
3nsz,A
3nt1,B
3nt3,B
3ntc,H
3ntc,L
3ntk,A
3ntx,A
3nu6,A
3nua,A
3nuf,A
3nul,A
3nuq,A
3nv1,A
3nvb,A
3nvs,A
3nvt,B
3nvw,J
3nwc,B
3nwo,A
3nwp,B
3nwr,A
3nwv,B
3nx3,A
3nx4,A
3nxb,B
3nxg,E
3nxl,A
3nxq,A
3ny3,A
3ny5,B
3ny7,A
3nye,A
3nyh,A
3nyi,A
3nyk,A
3nym,B
3nyq,A
3nyt,A
3nyv,A
3nyy,A
3nze,B
3nzl,A
3nzn,B
3nzr,A
3nzz,A
3o03,A
3o04,A
3o07,A
3o0a,B
3o0d,C
3o0f,A
3o0g,D
3o0h,A
3o0k,B
3o0l,A
3o0m,B
3o0p,A
3o0q,A
3o0y,A
3o10,B
3o12,A
3o14,B
3o18,B
3o1g,A
3o1k,B
3o1n,A
3o1p,A
3o22,A
3o26,A
3o2e,A
3o2r,D
3o2t,A
3o35,B
3o38,D
3o3m,C
3o3m,D
3o3q,C
3o3u,N
3o41,B
3o41,L
3o46,A
3o4h,A
3o4r,B
3o4v,B
3o5v,B
3o66,A
3o6d,A
3o6n,A
3o6p,A
3o6v,B
3o70,A
3o72,C
3o79,A
3o7b,A
3o7i,A
3o7m,D
3o83,B
3o85,B
3o8m,A
3o8q,A
3o91,C
3o9z,A
3oa2,C
3oa3,B
3oaj,A
3oam,A
3oaz,H
3oaz,K
3obc,B
3obe,B
3obh,A
3obi,C
3obl,B
3obu,A
3oc7,A
3oc9,A
3occ,C
3ocj,A
3ocm,A
3ocr,A
3ocu,A
3od1,A
3od5,B
3od9,A
3odg,A
3odt,A
3odv,A
3oe3,B
3oec,C
3oep,A
3of4,C
3of5,A
3of7,A
3ofg,B
3ofk,C
3og9,B
3oga,A
3ogg,A
3ogh,B
3ogn,B
3ogr,A
3ohe,B
3ohg,A
3ohr,A
3oi8,A
3oid,C
3oig,A
3oih,A
3oin,A
3oio,A
3oir,B
3oiu,A
3oiz,A
3oj0,A
3oj6,B
3oj7,A
3ojc,D
3ojg,A
3ojs,A
3oks,B
3okx,B
3ol0,A
3ol3,A
3olq,A
3om0,A
3om4,C
3omc,B
3omd,B
3oms,A
3omt,A
3on1,A
3on2,A
3on4,E
3on6,B
3oni,A
3ono,A
3onp,A
3onr,I
3oo8,A
3ooi,A
3oon,A
3ooo,B
3oop,A
3oos,A
3oou,A
3oow,C
3oox,A
3op4,A
3op7,A
3op8,A
3op9,A
3opk,A
3oq2,A
3oqi,B
3oqp,A
3oqv,A
3or3,A
3or5,A
3orh,C
3ork,A
3oru,A
3orv,B
3orv,D
3os4,A
3os7,A
3osd,A
3ose,A
3osm,A
3osu,B
3ot1,A
3ot2,B
3ot3,A
3ot9,B
3oti,B
3otl,A
3otn,B
3ou2,A
3ouf,B
3oug,I
3oui,A
3out,B
3ouz,B
3ovc,A
3ovp,B
3owa,B
3owc,B
3owr,C
3owv,A
3oxp,A
3oyt,B
3oyy,B
3oz2,A
3oz9,H
3oz9,L
3ozh,A
3p02,A
3p09,B
3p0b,A
3p0q,C
3p0r,A
3p0t,A
3p1a,A
3p1f,A
3p1g,A
3p1v,A
3p1w,A
3p1x,A
3p24,C
3p2c,B
3p2n,A
3p2t,A
3p2y,A
3p32,A
3p3c,A
3p3e,A
3p3g,A
3p3o,A
3p3v,B
3p48,A
3p4e,A
3p4h,A
3p4l,A
3p4t,A
3p5h,A
3p5p,A
3p5u,A
3p6l,A
3p73,A
3p73,B
3p7y,A
3p85,A
3p8n,A
3p94,D
3p97,C
3p9c,A
3p9p,A
3p9v,B
3p9x,A
3pa6,A
3pas,B
3pb6,X
3pbf,A
3pbq,A
3pc3,A
3pct,B
3pcv,A
3pd2,B
3pd7,A
3pde,A
3pdn,A
3pdw,A
3pe4,A
3pe6,A
3pe7,A
3pe8,A
3pea,B
3peb,A
3pel,A
3pel,B
3pes,A
3pew,A
3pf2,A
3pf6,A
3pfe,A
3pfg,A
3pfo,A
3pfs,A
3pfy,A
3pg6,C
3pgx,A
3pgy,A
3phs,A
3phx,B
3pi7,A
3pim,A
3piu,A
3pj0,B
3pj3,A
3pjp,B
3pjv,D
3pjy,B
3pk0,A
3pkv,A
3pl0,B
3pl2,B
3plf,D
3plw,A
3plx,B
3plz,A
3pmc,B
3pmd,A
3pmm,A
3pms,A
3pmt,A
3pn8,A
3pna,A
3pnn,A
3pnx,A
3po0,A
3po8,A
3poh,A
3pow,A
3poz,A
3pp2,A
3pp9,A
3ppl,B
3pqa,B
3pr9,A
3pro,D
3prp,A
3ps4,A
3psm,A
3pt1,A
3pu9,A
3pua,A
3put,B
3pve,A
3pvi,B
3pwl,D
3pxl,A
3pzf,A
3pzj,B
3pzs,B
3pzw,A
3pzy,A
3q0h,A
3q0i,A
3q12,C
3q1c,A
3q1h,A
3q1n,A
3q1x,A
3q20,B
3q23,B
3q2e,A
3q34,A
3q3j,A
3q3j,B
3q3u,A
3q3w,B
3q49,B
3q4s,A
3q4t,A
3q4u,A
3q58,A
3q5y,A
3q60,A
3q62,B
3q64,A
3q6d,B
3q6l,A
3q7c,A
3q7m,A
3q8g,A
3q90,A
3q93,B
3qan,C
3qao,A
3qat,B
3qbm,B
3qbp,A
3qby,A
3qc7,A
3qcu,H
3qcu,M
3qd5,B
3qds,B
3qe1,A
3qee,A
3qgz,A
3qh4,A
3qhx,A
3qhz,H
3qhz,M
3qi7,B
3qij,B
3qit,A
3qk3,A
3qk8,C
3qki,B
3qle,A
3qlj,D
3qm3,E
3qmd,A
3qmn,P
3qn1,A
3qn1,B
3qnm,A
3qom,A
3qoo,A
3qp4,A
3qp8,B
3qqi,B
3qry,A
3qu1,B
3qug,A
3quv,B
3qxb,B
3qxc,A
3qxf,A
3qxz,B
3qy1,B
3qy3,A
3qyf,A
3qyj,A
3qyq,C
3qz6,A
3qzb,A
3r0p,B
3r13,A
3r1i,A
3r1w,C
3r2v,A
3r3r,A
3r3s,C
3r4e,A
3r6f,A
3r77,A
3sil,A
4dmr,A
4ubp,A
4ubp,B
4ubp,C
4vub,A
5pal,A
6cel,A
6gsu,A
6rxn,A
7fd1,A
7rsa,A
8abp,A
8fab,A
